-- --------------------------------------------------------
-- Host:                         127.0.0.1
-- Versión del servidor:         10.4.10-MariaDB - mariadb.org binary distribution
-- SO del servidor:              Win64
-- HeidiSQL Versión:             10.3.0.5771
-- --------------------------------------------------------

/*!40101 SET @OLD_CHARACTER_SET_CLIENT=@@CHARACTER_SET_CLIENT */;
/*!40101 SET NAMES utf8 */;
/*!50503 SET NAMES utf8mb4 */;
/*!40014 SET @OLD_FOREIGN_KEY_CHECKS=@@FOREIGN_KEY_CHECKS, FOREIGN_KEY_CHECKS=0 */;
/*!40101 SET @OLD_SQL_MODE=@@SQL_MODE, SQL_MODE='NO_AUTO_VALUE_ON_ZERO' */;


-- Volcando estructura de base de datos para tombola
CREATE DATABASE IF NOT EXISTS `tombola` /*!40100 DEFAULT CHARACTER SET utf8mb4 */;
USE `tombola`;

-- Volcando estructura para tabla tombola.concursantes
CREATE TABLE IF NOT EXISTS `concursantes` (
  `Id` int(11) NOT NULL AUTO_INCREMENT,
  `Nomina` int(11) NOT NULL,
  `Nombre` varchar(200) NOT NULL,
  `Ganador` int(11) NOT NULL,
  PRIMARY KEY (`Id`),
  UNIQUE KEY `Nomina` (`Nomina`)
) ENGINE=InnoDB AUTO_INCREMENT=314 DEFAULT CHARSET=utf8mb4;

-- Volcando datos para la tabla tombola.concursantes: ~299 rows (aproximadamente)
/*!40000 ALTER TABLE `concursantes` DISABLE KEYS */;
INSERT INTO `concursantes` (`Id`, `Nomina`, `Nombre`, `Ganador`) VALUES
	(1, 2103867, 'HERNANDEZ CORONADO MANUEL ENRIQUE', 1),
	(2, 2105126, 'TORRES CUBIAS FRANCISCO JAVIER', 0),
	(3, 2105102, 'ENRIQUEZ RUIZ JAIME EFRAIN', 1),
	(4, 2105870, 'VILLANUEVA LOPEZ JESUS EDUARDO', 0),
	(5, 2106881, 'NAVA ALMAZAN MARIANA', 1),
	(7, 2106077, 'OCHOA RIVERA JUAN CARLOS', 0),
	(8, 2100221, 'MONTOYA ARROYO JUAN DANIEL', 1),
	(9, 2101969, 'SALINAS X VICTOR MANUEL', 1),
	(10, 2105205, 'FIGUEROA OSUNA GIOVANA MARINA', 0),
	(11, 2105021, 'SOJO MONTOYA OCTAVIO', 1),
	(12, 2106512, 'ARMENDARIZ TEJEDA SANDRA MAGALI', 1),
	(13, 2105822, 'MELO MEJIA CESAR', 0),
	(14, 2104934, 'ROSAS ABARCA FRANCISCO JAVIER', 1),
	(15, 2100118, 'CADENA LOPEZ RICARDO', 0),
	(16, 2100109, 'GONZALEZ ORTIZ EFRAIN', 1),
	(17, 2103990, 'RANGEL MENDOZA MARTHA ARGELIA', 1),
	(18, 2104849, 'SUAREZ JUAREZ SAMUEL', 0),
	(19, 2104848, 'SOLANO ORTIZ EDRAS', 1),
	(20, 2106416, 'CASTRO MORENO NANCY VIRIDIANA', 0),
	(21, 2104364, 'ZATARAIN VELARDE JAVIER', 0),
	(22, 2101775, 'RAMOS GARCIA JOSE GUADALUPE', 0),
	(23, 2100307, 'GODOY ALVARADO RICARDO', 1),
	(24, 2104480, 'CARRILLO SOTO JUAN GABRIEL', 0),
	(25, 2107289, 'PALACIOS BOLA?OS JUAN CARLOS', 1),
	(26, 2106993, 'LOPEZ FARIA CESAR AUGUSTO', 0),
	(27, 2106244, 'GORGONIO RIVAS JUAN CARLOS', 1),
	(28, 2105042, 'DIAZ BUENO DANTE', 1),
	(29, 2107361, 'RUELAS ALVAREZ JOSE ALFREDO', 0),
	(30, 2107074, 'VERDUGO GODINEZ DOMINGO', 0),
	(31, 2100044, 'GARCIA ARMENTA JOSE ANGEL', 1),
	(32, 2102207, 'HERNANDEZ PACHECO RAMON', 1),
	(33, 2103833, 'SALAZAR ALARCON CARLOS ANTONIO', 1),
	(34, 2103994, 'MORENO VALADEZ JUAN VICTOR', 0),
	(35, 2106245, 'GUEVARA BLANCO ALBERTO', 1),
	(36, 2102349, 'GOMEZ SANCHEZ JESUS MARCOS', 0),
	(37, 2100096, 'LOPEZ X JAIME', 1),
	(38, 2102027, 'RAMOS GARCIA FERNANDO', 0),
	(39, 2107272, 'TRINIDAD DEL CARPIO JOSE ARLEY', 0),
	(40, 2106572, 'ALVAREZ CHAVEZ MARTIN', 1),
	(41, 2100190, 'CASIANO MARTINEZ RAUL', 0),
	(42, 2107369, 'ARVAYO FRANCO FRANCISCO RAFAEL', 1),
	(43, 2102717, 'VALENZUELA CASTA?EDA DANIELA BERENICE', 1),
	(44, 2105995, 'GOMEZ LEPE MIGUEL', 1),
	(45, 2106256, 'SALDIVAR JIMENEZ DAVID', 1),
	(46, 2100159, 'MONDRAGON VARGAS EFREN', 1),
	(47, 2100069, 'ALVAREZ ESCOBAR CRISTIAN ALEXIS', 0),
	(48, 2100104, 'GONZALEZ TRUJILLO MARIO', 0),
	(49, 2106956, 'HERNANDEZ PERALTA LUIS ANTONIO', 0),
	(50, 2106129, 'CONSTANTINO LAZARO CRUZ ALBERTO', 1),
	(51, 2103609, 'SERRANO BELLO EMILIO', 0),
	(52, 2100105, 'ESPARZA ALVAREZ JOEL GERARDO', 1),
	(53, 2103929, 'MIRANDA MACIEL MIGUEL ANGEL', 0),
	(54, 2104016, 'TERRAZA ARMENTA FAUSTO DAMIAN', 0),
	(55, 2103962, 'GONZALEZ ENRIQUEZ JULIO CESAR', 1),
	(56, 2105675, 'ACU?A VARGAS FLAVIO ALEXIS', 1),
	(57, 2104704, 'HERNANDEZ TEODORO JESUS', 0),
	(58, 2106762, 'PINEDA GOMEZ LUIS ANTONIO', 0),
	(59, 2103927, 'VERGARA PASION JAZZIEL', 1),
	(60, 2100308, 'GOMEZ JUAREZ FROIBEL', 1),
	(61, 2103922, 'MURILLO ORTIZ JOSE FRANCISCO', 0),
	(62, 2103349, 'HERNANDEZ CONTRERAS NICOLAS', 1),
	(63, 2102791, 'MARTINEZ AVILES LUIS FERNANDO', 1),
	(64, 2107104, 'GIL FAJARDO JOSE GUADALUPE', 0),
	(65, 2103504, 'ZAMBRANO GUTIERREZ TEOFILO', 1),
	(66, 2103744, 'ROMAN GOMEZ EDUARDO', 0),
	(67, 2105023, 'JIMENEZ MONTEJO LUIS ENRIQUE', 1),
	(68, 2103167, 'CAMES FUENTES ROSARIO ALBERTO', 0),
	(69, 2104700, 'CATALAN ADAME JUAN CRUZ', 0),
	(70, 2102501, 'BRAVO FIGUEROA FRANCISCO', 1),
	(71, 2102756, 'TOLENTINO AGUSTIN CARLOS ALEXIS', 0),
	(72, 2107413, 'FLORES JACOB JAVIER', 0),
	(74, 2104385, 'ROCHIN MARTINEZ RAMON', 1),
	(75, 2107266, 'CARRILLO FLORES RICARDO', 0),
	(76, 2104138, 'SALOMON MATUZ JOSUE WBALDO', 0),
	(77, 2102630, 'LOPEZ LOPEZ DANIEL ALEJANDRO', 1),
	(78, 2104844, 'ORNELAS MORALES LUIS ALFREDO', 1),
	(79, 2100040, 'DIAZ BERNAL HERIBERTO', 1),
	(80, 2101773, 'ZAMORANO GASTELUM JOSE HECTOR', 1),
	(81, 2100042, 'MANDUJANO CHAVEZ JOSE', 1),
	(82, 2104300, 'HUATO CLAVEL LOURDES YESENIA', 0),
	(83, 2107290, 'PAZ SOTO DANIEL', 1),
	(84, 2107170, 'RAMOS MENDOZA OSCAR', 1),
	(85, 2106577, 'SILVA HERNANDEZ JAIME', 0),
	(86, 2103347, 'SALINAS ZARATE JUAN CARLOS', 1),
	(87, 2105604, 'MARTINEZ SOLAIZA LUIS ANGEL', 0),
	(89, 2107247, 'JIMENEZ ANTUNEZ SALVADOR', 0),
	(90, 2103404, 'RODRIGUEZ VILLAVICENCIO JESUS ALONSO', 1),
	(91, 2103409, 'RODRIGUEZ MARQUEZ MARIO', 0),
	(92, 2106027, 'TRUJILLO ARANDA DAVID', 1),
	(93, 2106764, 'VALLE MARTINEZ JESUS MARTIN', 1),
	(95, 2107268, 'GONZALEZ ARRIOLA JOSE ALBERTO', 0),
	(96, 2106128, 'CASTRO TUMALAN IVAN', 0),
	(97, 2107209, 'LOPEZ SEGURA OSCAR', 0),
	(98, 2104972, 'SALAZAR SANCHEZ HECTOR', 0),
	(99, 2104035, 'GRANADOS MARTINEZ JESUS ANTONIO', 0),
	(100, 2100207, 'MATA FUENTES HECTOR', 0),
	(101, 2105963, 'VILLANUEVA MARTINEZ JUAN LUIS', 1),
	(102, 2103459, 'FERNANDEZ TRUJILLO HECTOR OMAR', 0),
	(103, 2102534, 'CERVANTES MENDEZ ELISEO NEPHTALI', 0),
	(104, 2107248, 'MARTINEZ HERNANDEZ FRANCISCO JAVIER', 0),
	(105, 2102348, 'CALLEJAS RAMOS EDGAR WILFREDO', 0),
	(106, 2107102, 'CORTES NIETO HUGO ALBERTO', 1),
	(107, 2105327, 'PEREZ CHAVEZ JAVIER', 0),
	(108, 2102423, 'OSORIO GONZALEZ JOSE ANTONIO', 1),
	(109, 2107045, 'GARCIA PEREZ JOSE ANDRES', 0),
	(110, 2106295, 'VALDIVIA FLORES ANGEL FRANCISCO', 1),
	(111, 2107318, 'GARCIA PEREZ ANDREY', 0),
	(112, 2100033, 'ZU?IGA MORENO SAMUEL', 1),
	(113, 2100247, 'MADRID ORTIZ REYES', 0),
	(115, 2105805, 'ALONSO JIMENEZ IVAN', 1),
	(116, 2100077, 'MERCADO FIGUEROA JORGE ARTURO', 0),
	(117, 2107495, 'ALVARADO ESQUIVEL SALVADOR', 1),
	(118, 2106591, 'FELIX MONTES DE OCA RAUL', 1),
	(119, 2107269, 'GUZMAN GONZALEZ MAURICIO', 0),
	(120, 2104386, 'RIVERA VOTTE MARCOS', 1),
	(121, 2102022, 'VELARDE HERNANDEZ MARCELO ALONSO', 0),
	(122, 2104712, 'RODRIGUEZ LOPEZ VICENTE', 1),
	(123, 2107375, 'PARRA HERNANDEZ JASIEL ALEJO', 0),
	(124, 2106383, 'RUIZ ESCAMILLA ANDREA', 1),
	(125, 2106003, 'TOLENTINO AGUSTIN PEDRO EDGARDO', 1),
	(126, 2100086, 'IBARRA LARA PABLO HILARIO', 0),
	(127, 2104130, 'MANZANO SOLORZANO ISIDRO ANTONIO', 0),
	(128, 2100315, 'RAMIREZ GONZALEZ JUAN FRANCISCO', 0),
	(130, 2100177, 'GUZMAN JUAREZ ADAN MANUEL', 1),
	(131, 2101729, 'MORA RODRIGUEZ RENE', 1),
	(132, 2104337, 'CENTENO BECERRA ANDRES', 0),
	(133, 2105044, 'BOJORQUEZ BARRERAS SALVADOR', 0),
	(134, 2103989, 'MOLINA PEREZ FLORENCIO ERASMO', 0),
	(135, 2105478, 'FIGUEROA VAZQUEZ MAURICIO', 0),
	(136, 2107203, 'BRICE?O GARCIA RAUL RENE', 1),
	(137, 2104850, 'VILLANUEVA DUARTE FREDY JESUS', 0),
	(138, 2107431, 'SUAREZ VINALAY LUIS JAVIER', 1),
	(139, 2106637, 'HOYOS HERNANDEZ JOSE ANTONIO', 0),
	(140, 2101955, 'GONZALEZ HERNANDEZ ANGEL PEDRO', 1),
	(141, 2100166, 'DELGADO GUERRERO PEDRO', 0),
	(142, 2103353, 'RUIZ LEON DAVID', 1),
	(143, 2105891, 'DUARTE PIMENTEL JUAN ANTONIO', 0),
	(144, 2106309, 'MENDOZA COBIAN JOSE JESUS ALBERTO', 1),
	(145, 2106380, 'OLAN RAMIREZ MARCOS', 1),
	(146, 2103365, 'BARRON VALDEZ BERENICE', 1),
	(147, 2106636, 'GONZALEZ ARRIOLA GABRIEL', 0),
	(148, 2102505, 'ROSAS ZU?IGA DAVID ALBERTO', 1),
	(149, 2105688, 'PEREZ ORTEGA ERICK DE JESUS', 0),
	(150, 2104783, 'TORRES ARAGON MAXIMINO ELODIO', 1),
	(151, 2105932, 'RODRIGUEZ PEREZ MILGUER IRABEL', 1),
	(152, 2105737, 'SALINAS X AARON GUADALUPE', 0),
	(153, 2107103, 'GARCIA SUAREZ BRYAN', 1),
	(154, 2103549, 'HERNANDEZ EMILIANO JOSE GUADALUPE', 0),
	(155, 2100076, 'GOMEZ GARCIA GILDARDO', 1),
	(156, 2104387, 'RENDON CARLOS JESUS', 0),
	(157, 2107371, 'GARCIA MUNGUIA ARTURO', 0),
	(158, 2107284, 'LARA MARTINEZ GABRIEL', 1),
	(159, 2106833, 'SANCHEZ GARCIA JORGE LUIS', 0),
	(160, 2100212, 'UTRERA LANDA MARIO', 0),
	(161, 2105955, 'CRUZ JUAREZ CLARA DIGNA', 0),
	(162, 2102533, 'MEJIA LOPEZ HERIBERTO', 1),
	(163, 2106639, 'LOPEZ GARCIA EDUARDO', 0),
	(164, 2102637, 'MARTINEZ CID EDGAR', 1),
	(165, 2106329, 'FRANCO VELAZQUEZ JESUS GUILLERMO', 0),
	(166, 2106411, 'BADILLO X CARLOS', 1),
	(167, 2105552, 'MONDRAGON PALOMARES GILBERTO', 0),
	(168, 2104043, 'HERNANDEZ ABARCA ERNESTO', 1),
	(169, 2107496, 'AMADOR HERNANDEZ GUSTAVO', 1),
	(170, 2103595, 'JIMENEZ JIMENEZ RODRIGO', 1),
	(171, 2103505, 'VILLANUEVA PEREZ ANGEL', 1),
	(172, 2106382, 'RAMIREZ MARTINEZ JOSE JONATHAN', 1),
	(173, 2104151, 'FUENTES PRISCILIANO MARTIN', 1),
	(174, 2105497, 'ROBLES SILVA JORGE ALBERTO', 0),
	(175, 2103594, 'SANCHEZ RAMOS JESUS OMAR', 0),
	(176, 2103644, 'VALENZUELA OBESO GABRIEL', 1),
	(177, 2103308, 'BEDOLLA MATEOS AURELIO', 1),
	(178, 2106275, 'RAMIREZ BARRON LEOBARDO', 1),
	(179, 2106670, 'CORONA BELTRAN LUIS EDGAR', 0),
	(180, 2106081, 'VALENZUELA PACHECO JOSUE FRANCISCO', 0),
	(181, 2106054, 'ALBERTO CASTRO JULIO CESAR', 0),
	(182, 2106148, 'NAVARRO VILLEGAS ERNESTO ALFONSO', 1),
	(183, 2106060, 'PATRICIO MENDOZA IVAN', 0),
	(184, 2101865, 'AVITIA SARELLANA HERIBERTO', 0),
	(185, 2105957, 'LOPEZ CHENG JOSE ANTONIO', 0),
	(186, 2106024, 'MARIN SUAREZ ANGEL', 1),
	(187, 2105681, 'GONZALEZ MARIN EDUARDO', 1),
	(188, 2107015, 'MORENO ALVARADO FELIPE DE JESUS', 1),
	(189, 2106880, 'JIMENEZ TEJEDA JOB', 0),
	(191, 2100117, 'MURILLO ESPINOZA ADOLFO ENRIQUE', 1),
	(192, 2104562, 'QUINTANA MALDONADO RAFAEL', 1),
	(193, 2100196, 'BAZAN MARCELO GENARO AMADO', 1),
	(194, 2103991, 'COBOS PACHECO LAZARO', 1),
	(195, 2103963, 'CONTRERAS X JUAN MANUEL', 0),
	(196, 2100224, 'SOTO NICOLAS JORGE', 0),
	(197, 2105043, 'DOMINGUEZ ESCALONA FABIAN', 0),
	(198, 2105614, 'FLORES ESCALERA JULIO ADRIAN', 0),
	(199, 2107295, 'VALENZUELA MARINI LUIS ALFONSO', 1),
	(200, 2104340, 'GAMBOA CHAIDEZ JOSE SINHUE', 0),
	(201, 2100065, 'OBESO ARREOLA FRANCISCO JULIAN', 1),
	(202, 2104674, 'VALENTE LUNA JOSE LUIS', 0),
	(204, 2100144, 'DURAN JIMENEZ JORGE EDUARDO', 1),
	(205, 2103418, 'GARCIA SILVA JOSE LUIS', 1),
	(206, 2105382, 'HERNANDEZ TORRES JOSE ADALBERTO', 1),
	(207, 2102277, 'RODRIGUEZ FAJARDO MARTIN MIGUEL', 0),
	(208, 2106726, 'MURILLO CASILLAS RAUL', 0),
	(209, 2105606, 'QUIROZ SUALEZ EVELYN ANGELICA', 0),
	(210, 2105683, 'JACOBO ARANDA ALONSO', 1),
	(211, 2100001, 'LOPEZ GUZMAN JOSE GABRIEL', 0),
	(212, 2106635, 'GOMEZ GARCIA ELEAZAR', 0),
	(213, 2100054, 'ALCANTARA NAVARRETE SANTOS DE JESUS', 1),
	(214, 2107316, 'GALVAN PIMENTEL ALVARO', 0),
	(215, 2104132, 'MALDONADO ALFONSIN FREDIS JAVIER', 1),
	(216, 2104968, 'TREJO AMAYA GAMALIEL', 1),
	(217, 2107111, 'RODRIGUEZ SILVAS RAUL', 1),
	(218, 2104131, 'DIARTE PE?A MIGUEL ANGEL', 1),
	(219, 2100165, 'CIBRIAN ZURITA CARLOS ALFREDO', 1),
	(220, 2107068, 'RAMOS GONZALEZ GUILLERMO', 0),
	(222, 2100074, 'LARA SANDOVAL RAMON', 0),
	(224, 2107149, 'HERNANDEZ VILLANUEVA CRISTIAN JOHECEL', 1),
	(225, 2103687, 'VELAZQUEZ RODRIGUEZ ASARIAS', 0),
	(226, 2106025, 'PEREZ FIGUEROA URIAS', 1),
	(227, 2106640, 'LOPEZ REYES MIGUEL EVERARDO', 1),
	(228, 2101855, 'MANCILLA LOPEZ ULISES', 1),
	(230, 2103648, 'ROBLERO RAMIREZ LUIS ANGEL', 0),
	(231, 2100155, 'CEDANO HIPOLITO CESAR ADRIAN', 0),
	(232, 2105807, 'FRANCO NU?EZ JUAN', 0),
	(233, 2103838, 'RANGEL MORALES SABINO', 1),
	(234, 2100277, 'MONTIEL OCHOA FRANCISCO JAVIER', 1),
	(235, 2106305, 'CHINO GUZMAN FERNANDO', 0),
	(236, 2105261, 'MUJICA GRANA ISRAEL', 1),
	(237, 2105680, 'GONZALEZ GUERRERO ANSELMO', 0),
	(238, 2102503, 'HERRERA BETANCURTH ABEL', 0),
	(240, 2101961, 'CRUZ TREJO JOEL ENRIQUE', 1),
	(241, 2102074, 'LOPEZ VASQUEZ JOSE ALBERTO', 0),
	(242, 2104670, 'APARICIO TELLEZ BENIGNO', 0),
	(243, 2105048, 'SANCHEZ REYNOSO RAUL ALBERTO', 1),
	(244, 2106401, 'CASTRO ALBARRAN ARCENIO', 0),
	(245, 2105934, 'ALVAREZ VILLEGAS AURELIO', 0),
	(246, 2105452, 'BARCENAS SANCHEZ YONATHAN', 1),
	(247, 2104405, 'SANTA OLALLA SANTOS KARINA', 1),
	(248, 2100022, 'FLORES BERMEJO ALEJANDRO', 1),
	(249, 2102422, 'DE DIOS GONZALEZ VICTOR', 1),
	(250, 2106169, 'BRAVO BARTOLON JOSE ANTONIO', 0),
	(251, 2102205, 'ARCINEDA PEREZ MARIO', 1),
	(252, 2100037, 'MARTINEZ NU?EZ MARTINIANO RAFAEL', 0),
	(253, 2102323, 'PALACIOS MORENO EDGAR ISAIAS', 0),
	(254, 2104226, 'GASPAR SAMANO PEDRO', 1),
	(256, 2106641, 'YANES PASTRANA RAFAEL', 0),
	(257, 2103566, 'ROBLES RIVERA FAUSTO RODRIGO', 0),
	(258, 2100078, 'SILVA PE?A PEDRO', 1),
	(259, 2104338, 'SERAPIO NOLASCO AMADO', 1),
	(260, 2106300, 'ZAMORA VALENZUELA FRANCISCO JAVIER', 0),
	(261, 2101965, 'RODRIGUEZ OSUNA JUAN ARTURO', 1),
	(262, 2106018, 'GOMEZ ORTIZ MARGARITO', 0),
	(263, 2106004, 'HERNANDEZ HERNANDEZ JHONATAN', 0),
	(264, 2106068, 'GALLARDO VILLATORO MIGUEL', 1),
	(265, 2105998, 'GONZALEZ HERNANDEZ MANUEL ABRAHAM', 1),
	(266, 2101776, 'OLIVA VAZQUEZ OMAR', 1),
	(267, 2104561, 'MARTINEZ CARRERA ALDAIR', 0),
	(268, 2100068, 'LOPEZ PALAZUELOS OSCAR DANIEL', 0),
	(269, 2104380, 'JIMENEZ NAVARRO JOSE ALFREDO', 1),
	(270, 2105684, 'JIMENEZ NAVARRO MARIA DE JESUS', 0),
	(271, 2107322, 'MARTINEZ SANTIAGO JUAN ANTONIO', 1),
	(272, 2104118, 'INZUNZA OJEDA HERMES', 0),
	(273, 2105565, 'URIAS MEDINA SANTIAGO', 0),
	(274, 2106019, 'GONZALEZ RINCON PABLO', 1),
	(275, 2107510, 'UCAN LEON REYNALDO ANTONIO', 0),
	(276, 2107508, 'REYES MARIN MAURICIO', 1),
	(277, 2106961, 'GUTIERREZ ANALCO ANGEL BRYAN', 1),
	(278, 2107267, 'ESCALANTE RUIZ JESUS GUADALUPE', 1),
	(279, 2100060, 'OSUNA FLORES JOEL', 1),
	(280, 2102057, 'GONZALEZ CORONA OCTAVIO', 0),
	(281, 2105426, 'PE?UELAS VEGA GUADALUPE', 0),
	(282, 2107017, 'ANG LEE CARLOS ALBERTO', 0),
	(283, 2107347, 'DE LA TORRE BEDOYA MELANIE VIANEY', 1),
	(284, 2107430, 'SEVILLANO RUIZ AIRALIH AIME', 1),
	(285, 2104764, 'ESPARZA BECERRA LIZETH BERENICE', 1),
	(286, 2107502, 'FLORES PERALTA NOE', 0),
	(287, 2106065, 'RAMIREZ VIDAL MARGARITO', 1),
	(288, 2106990, 'JACOBO ZAZUETA CRUZ FERNANDO', 1),
	(289, 2106258, 'RODRIGUEZ LOPEZ VICTOR MANUEL', 0),
	(290, 2107245, 'HERNANDEZ MENDIETA REY DAVID', 0),
	(291, 2104967, 'RUIZ OSORNO GILBERTO', 0),
	(292, 2106122, 'CHAVARIN CHAVARIN TOMAS', 0),
	(293, 2106181, 'VALENCIA AGUILAR JULIO CESAR', 1),
	(294, 2107105, 'PATLAN TORRES DANIEL', 1),
	(295, 2102122, 'ELIZALDE HERRERA JOSE RAUL', 1),
	(296, 2107500, 'CANEPA ALVAREZ ERNESTO', 1),
	(297, 2103355, 'AVENA ANDERSON CARLOS', 1),
	(299, 2101977, 'GONZALEZ FIGUEROA RAMON', 0),
	(300, 2104229, 'HARRIS MORALES MARCOS DANIEL', 0),
	(301, 2104866, 'RUIZ AGUIRRE TERESO RAUDEL', 1),
	(302, 2106717, 'MU?OZ FERNANDEZ DANIEL APOLINAR', 0),
	(303, 2105933, 'CARBALLO OVANDO CLAUDIA MARIBEL', 1),
	(304, 2100058, 'LANDA DOMINGUEZ FIDEL', 1),
	(305, 2107171, 'SANTIAGO RAMIREZ ANGEL DANIEL', 0),
	(306, 2106178, 'REYNOSA QUEBRADO ARMANDO', 1),
	(307, 2100023, 'RUBIO PARDINI JESUS MANUEL', 1),
	(308, 2104931, 'RIOS ESPITIA JUAN JESUS', 0),
	(309, 2107260, 'CARRE?O PEREZ SULEYMA', 1),
	(310, 2106790, 'CAMPOS PADRON ALFREDO', 1),
	(311, 2105530, 'GUTIERREZ CARTE?O VICENTE', 0),
	(312, 2106684, 'PEREZ SALAZAR JOSE GUADALUPE', 1),
	(313, 2102291, 'LOPEZ LOMELI LIVIER DE MARIA', 1);
/*!40000 ALTER TABLE `concursantes` ENABLE KEYS */;

-- Volcando estructura para tabla tombola.invitados
CREATE TABLE IF NOT EXISTS `invitados` (
  `Nomina` int(11) NOT NULL,
  `Nombre` varchar(200) NOT NULL,
  `Departamento` varchar(100) NOT NULL,
  `Puesto` varchar(100) NOT NULL,
  `Participa` varchar(100) NOT NULL,
  `asistio` int(11) NOT NULL,
  PRIMARY KEY (`Nomina`)
) ENGINE=InnoDB DEFAULT CHARSET=utf8mb4;

-- Volcando datos para la tabla tombola.invitados: ~839 rows (aproximadamente)
/*!40000 ALTER TABLE `invitados` DISABLE KEYS */;
INSERT INTO `invitados` (`Nomina`, `Nombre`, `Departamento`, `Puesto`, `Participa`, `asistio`) VALUES
	(2100001, 'LOPEZ GUZMAN JOSE GABRIEL', 'JEFE', 'TRANSPORTACION', 'APLICA', 1),
	(2100004, 'SANCHEZ MONTES DE OCA ROBERTO CARLOS', 'MECANICO B', 'MECANICA', 'APLICA', 0),
	(2100005, 'CASTRO MARTINEZ ROBERTO', 'MECANICO A', 'MECANICA', 'APLICA', 0),
	(2100006, 'RICHERT FUENTES ELOY GUADALUPE', 'JEFE', 'MANTENIMIENTO', 'APLICA', 0),
	(2100012, 'VAZQUEZ REYES MIGUEL EMILIO', 'ELECTRICO A', 'ELECTRICO', 'APLICA', 0),
	(2100013, 'SOTO JIMENEZ JAYSON', 'MECANICO B', 'MECANICA', 'APLICA', 0),
	(2100015, 'ESPARZA MARMOLEJO FRANCISCO GERARDO', 'LLANTERO', 'LLANTAS', 'APLICA', 0),
	(2100016, 'MELENDREZ RIVERA BRUNET', 'COORDINADOR', 'COORDINACION', 'APLICA', 0),
	(2100017, 'LARA ALVAREZ ANA LAURA', 'JEFE', 'ADMINISTRACION', 'APLICA', 0),
	(2100018, 'MENDOZA HERNANDEZ VICTOR MANUEL', 'MECANICO B', 'MECANICA', 'APLICA', 0),
	(2100020, 'ARREOLA MAYORAL LUZ FABIOLA', 'ANALISTA', 'MANTENIMIENTO', 'APLICA', 0),
	(2100022, 'FLORES BERMEJO ALEJANDRO', 'ANALISTA', 'COMBUSTIBLES', 'APLICA', 1),
	(2100023, 'RUBIO PARDINI JESUS MANUEL', 'MECANICO A', 'MECANICA', 'APLICA', 1),
	(2100025, 'CRUZ ARREDONDO MYRNA BERENICE', 'COORDINADOR', 'COORDINACION', 'APLICA', 0),
	(2100026, 'VALENZUELA ARMENTA DANIEL', 'MECANICO A', 'MECANICA', 'APLICA', 0),
	(2100033, 'ZU?IGA MORENO SAMUEL', 'COORDINADOR', 'COORDINACION', 'APLICA', 1),
	(2100034, 'MONTOYA GAXIOLA LUIS OCTAVIO', 'COORDINADOR', 'COORDINACION', 'APLICA', 0),
	(2100037, 'MARTINEZ NU?EZ MARTINIANO RAFAEL', 'OPERADOR C', 'TRANSPORTACION', 'APLICA', 1),
	(2100038, 'GALLEGOS MARTINEZ ENRIQUE', 'OPERADOR C', 'TRANSPORTACION', 'APLICA', 0),
	(2100040, 'DIAZ BERNAL HERIBERTO', 'OPERADOR C', 'TRANSPORTACION', 'APLICA', 1),
	(2100041, 'MORENO PAREDES RODOLFO', 'OPERADOR C', 'TRANSPORTACION', 'APLICA', 0),
	(2100042, 'MANDUJANO CHAVEZ JOSE', 'OPERADOR C', 'TRANSPORTACION', 'APLICA', 1),
	(2100043, 'LOPEZ GARCIA JAVIER', 'OPERADOR C', 'TRANSPORTACION', 'APLICA', 0),
	(2100044, 'GARCIA ARMENTA JOSE ANGEL', 'OPERADOR C', 'TRANSPORTACION', 'APLICA', 1),
	(2100046, 'AVILA GONZALEZ ERIK', 'OPERADOR C', 'TRANSPORTACION', 'APLICA', 0),
	(2100049, 'CARDENAS LAZCANO JOSE LUIS', 'OPERADOR C', 'TRANSPORTACION', 'APLICA', 0),
	(2100050, 'REYNOSO ARROYO JUAN CARLOS', 'OPERADOR C', 'TRANSPORTACION', 'APLICA', 0),
	(2100052, 'SU?IGA REBOLLAR ELOY', 'OPERADOR C', 'TRANSPORTACION', 'APLICA', 0),
	(2100054, 'ALCANTARA NAVARRETE SANTOS DE JESUS', 'OPERADOR C', 'TRANSPORTACION', 'APLICA', 1),
	(2100056, 'MONTES CARRILLO JORGE ENRIQUE', 'OPERADOR C', 'TRANSPORTACION', 'APLICA', 0),
	(2100058, 'LANDA DOMINGUEZ FIDEL', 'OPERADOR C', 'TRANSPORTACION', 'APLICA', 1),
	(2100060, 'OSUNA FLORES JOEL', 'OPERADOR C', 'TRANSPORTACION', 'APLICA', 1),
	(2100063, 'TAPIA ROSALES ALFONSO', 'OPERADOR C', 'TRANSPORTACION', 'APLICA', 0),
	(2100064, 'MARTINEZ NAVA FILEMON', 'ESPECIALISTA A', 'TRANSPORTACION', 'APLICA', 0),
	(2100065, 'OBESO ARREOLA FRANCISCO JULIAN', 'COORDINADOR', 'COORDINACION', 'APLICA', 1),
	(2100067, 'GONZALEZ BARRIOS RUDY ANTONIO', 'OPERADOR C', 'TRANSPORTACION', 'APLICA', 0),
	(2100068, 'LOPEZ PALAZUELOS OSCAR DANIEL', 'OPERADOR C', 'TRANSPORTACION', 'APLICA', 1),
	(2100069, 'ALVAREZ ESCOBAR CRISTIAN ALEXIS', 'OPERADOR C', 'TRANSPORTACION', 'APLICA', 1),
	(2100070, 'CONDE PERALTA LUIS ORLANDO', 'OPERADOR C', 'TRANSPORTACION', 'APLICA', 0),
	(2100072, 'CABRAL AGUILAR FEDERICO', 'OPERADOR C', 'TRANSPORTACION', 'APLICA', 0),
	(2100074, 'LARA SANDOVAL RAMON', 'COORDINADOR', 'COORDINACION', 'APLICA', 1),
	(2100076, 'GOMEZ GARCIA GILDARDO', 'OPERADOR C', 'TRANSPORTACION', 'APLICA', 1),
	(2100077, 'MERCADO FIGUEROA JORGE ARTURO', 'OPERADOR C', 'TRANSPORTACION', 'APLICA', 1),
	(2100078, 'SILVA PE?A PEDRO', 'OPERADOR C', 'TRANSPORTACION', 'APLICA', 1),
	(2100083, 'PEREZ HERNANDEZ ARTURO', 'OPERADOR C', 'TRANSPORTACION', 'APLICA', 0),
	(2100086, 'IBARRA LARA PABLO HILARIO', 'COORDINADOR', 'COORDINACION', 'APLICA', 1),
	(2100088, 'MARTINEZ X LUIS MAURICIO', 'OPERADOR C', 'TRANSPORTACION', 'APLICA', 0),
	(2100090, 'REYES VIDAL JOSE ANGEL', 'OPERADOR C', 'TRANSPORTACION', 'APLICA', 0),
	(2100091, 'JUAREZ LIMON MARTIN', 'OPERADOR C', 'TRANSPORTACION', 'APLICA', 0),
	(2100096, 'LOPEZ X JAIME', 'OPERADOR C', 'TRANSPORTACION', 'APLICA', 1),
	(2100098, 'CABRERA CRUZ JOSE ANTELMO', 'OPERADOR C', 'TRANSPORTACION', 'APLICA', 0),
	(2100102, 'ZU?IGA GONZALEZ ANGEL URIEL', 'COORDINADOR', 'COORDINACION', 'APLICA', 0),
	(2100104, 'GONZALEZ TRUJILLO MARIO', 'OPERADOR C', 'TRANSPORTACION', 'APLICA', 1),
	(2100105, 'ESPARZA ALVAREZ JOEL GERARDO', 'OPERADOR C', 'TRANSPORTACION', 'APLICA', 1),
	(2100109, 'GONZALEZ ORTIZ EFRAIN', 'OPERADOR C', 'TRANSPORTACION', 'APLICA', 1),
	(2100117, 'MURILLO ESPINOZA ADOLFO ENRIQUE', 'OPERADOR C', 'TRANSPORTACION', 'APLICA', 1),
	(2100118, 'CADENA LOPEZ RICARDO', 'INSTRUCTOR', 'CAPACITACION', 'APLICA', 1),
	(2100120, 'OLIVA VAZQUEZ LUIS ANGEL', 'OPERADOR C', 'TRANSPORTACION', 'APLICA', 0),
	(2100122, 'SANCHEZ FLORES AARON', 'OPERADOR C', 'TRANSPORTACION', 'APLICA', 0),
	(2100128, 'LUNA LEDESMA FRANCISCO', 'OPERADOR C', 'TRANSPORTACION', 'APLICA', 0),
	(2100132, 'GARDU?O RAYON OBED', 'OPERADOR C', 'TRANSPORTACION', 'APLICA', 0),
	(2100136, 'FRANCO RODRIGUEZ MOISES', 'OPERADOR C', 'TRANSPORTACION', 'APLICA', 0),
	(2100139, 'SERRANO FLORES ABELINO', 'OPERADOR C', 'TRANSPORTACION', 'APLICA', 0),
	(2100144, 'DURAN JIMENEZ JORGE EDUARDO', 'OPERADOR C', 'TRANSPORTACION', 'APLICA', 1),
	(2100145, 'GOMEZ HERNANDEZ CARLOS ENRIQUE', 'OPERADOR C', 'TRANSPORTACION', 'APLICA', 0),
	(2100149, 'GAMEZ GUTIERREZ ALAN ALONSO', 'OPERADOR C', 'TRANSPORTACION', 'APLICA', 0),
	(2100154, 'CORONA GARCIA RAFAEL', 'OPERADOR C', 'TRANSPORTACION', 'APLICA', 0),
	(2100155, 'CEDANO HIPOLITO CESAR ADRIAN', 'OPERADOR C', 'TRANSPORTACION', 'APLICA', 1),
	(2100159, 'MONDRAGON VARGAS EFREN', 'OPERADOR C', 'TRANSPORTACION', 'APLICA', 1),
	(2100163, 'GRANADOS LOPEZ ARTURO', 'GERENTE', 'TRANSPORTACION', 'NO RIFA', 0),
	(2100165, 'CIBRIAN ZURITA CARLOS ALFREDO', 'OPERADOR C', 'TRANSPORTACION', 'APLICA', 1),
	(2100166, 'DELGADO GUERRERO PEDRO', 'OPERADOR C', 'TRANSPORTACION', 'APLICA', 1),
	(2100167, 'GONZALEZ ORTEGA JAIME ALBERTO', 'OPERADOR C', 'TRANSPORTACION', 'APLICA', 0),
	(2100170, 'DELFIN ESCOBEDO MIGUEL ANGEL', 'OPERADOR C', 'TRANSPORTACION', 'APLICA', 0),
	(2100172, 'CABRERA CERVANTES OSCAR', 'OPERADOR C', 'TRANSPORTACION', 'APLICA', 0),
	(2100177, 'GUZMAN JUAREZ ADAN MANUEL', 'OPERADOR C', 'TRANSPORTACION', 'APLICA', 1),
	(2100179, 'HUANTES LOPEZ CARMEN', 'OPERADOR C', 'TRANSPORTACION', 'APLICA', 0),
	(2100180, 'ZAVALA MEDINA JESUS SEBASTIAN', 'OPERADOR C', 'TRANSPORTACION', 'APLICA', 0),
	(2100183, 'PACHECO DE LA CRUZ JESUS ALBERTO', 'OPERADOR C', 'TRANSPORTACION', 'APLICA', 0),
	(2100185, 'SANCHEZ PRADO JESUS MARIN', 'OPERADOR C', 'TRANSPORTACION', 'APLICA', 0),
	(2100190, 'CASIANO MARTINEZ RAUL', 'OPERADOR C', 'TRANSPORTACION', 'APLICA', 1),
	(2100196, 'BAZAN MARCELO GENARO AMADO', 'CARROCERO C', 'CARROCERIA', 'APLICA', 1),
	(2100197, 'SANCHEZ DELGADILLO GEORGINA AMALIA', 'ESPECIALISTA', 'PLANEACION Y LOGISTICA', 'APLICA', 0),
	(2100199, 'GONZALEZ CASILLAS ANTONIO', 'CARROCERO C', 'CARROCERIA', 'APLICA', 0),
	(2100204, 'MARTINEZ LOPEZ JOSE GERARDO', 'OPERADOR C', 'TRANSPORTACION', 'APLICA', 0),
	(2100207, 'MATA FUENTES HECTOR', 'OPERADOR C', 'TRANSPORTACION', 'APLICA', 1),
	(2100212, 'UTRERA LANDA MARIO', 'OPERADOR C', 'TRANSPORTACION', 'APLICA', 1),
	(2100213, 'TRUJILLO X GUILLERMO', 'OPERADOR C', 'TRANSPORTACION', 'APLICA', 0),
	(2100217, 'MENDEZ ZAMBRANO JORGE ANTONIO', 'MECANICO A', 'MECANICA', 'APLICA', 0),
	(2100220, 'FIGUEROA BARCELO RAMON ANGEL', 'OPERADOR C', 'TRANSPORTACION', 'APLICA', 0),
	(2100221, 'MONTOYA ARROYO JUAN DANIEL', 'JEFE', 'RECURSOS HUMANOS', 'APLICA', 1),
	(2100223, 'VERDUZCO GAMEZ JOSUE', 'JEFE', 'TRANSPORTACION', 'APLICA', 0),
	(2100224, 'SOTO NICOLAS JORGE', 'OPERADOR C', 'TRANSPORTACION', 'APLICA', 1),
	(2100230, 'VAZQUEZ HERNANDEZ JOSE FRANCISCO', 'MECANICO A', 'MECANICA', 'APLICA', 0),
	(2100231, 'AGRAZ SANDOVAL JESUS EDUARDO', 'JEFE', 'MANTENIMIENTO', 'APLICA', 0),
	(2100246, 'CORONEL SOLANO OSCAR', 'OPERADOR C', 'TRANSPORTACION', 'APLICA', 0),
	(2100247, 'MADRID ORTIZ REYES', 'OPERADOR C', 'TRANSPORTACION', 'APLICA', 1),
	(2100254, 'VAZQUEZ ANGUIANO MARTIN DANIEL', 'MECANICO A', 'MECANICA', 'APLICA', 0),
	(2100270, 'GARCIA ALANIZ MAURICIO', 'OPERADOR C', 'TRANSPORTACION', 'APLICA', 0),
	(2100271, 'PALOMARES HEREDIA VICTOR HUGO', 'OPERADOR C', 'TRANSPORTACION', 'APLICA', 0),
	(2100274, 'RODRIGUEZ CAMPUZANO SERGIO ERNESTO', 'GERENTE', 'TRANSPORTACION', 'NO RIFA', 1),
	(2100277, 'MONTIEL OCHOA FRANCISCO JAVIER', 'OPERADOR C', 'TRANSPORTACION', 'APLICA', 1),
	(2100278, 'VEGA ALVAREZ PEDRO', 'OPERADOR C', 'TRANSPORTACION', 'APLICA', 0),
	(2100291, 'RUIZ PONCE CIARA', 'GESTOR', 'ADMINISTRACION', 'APLICA', 0),
	(2100301, 'CASTRO MORALES BRAULIO', 'ESPECIALISTA A', 'TRANSPORTACION', 'APLICA', 0),
	(2100302, 'CHAVEZ RODRIGUEZ CARLOS JAVIER', 'ESPECIALISTA A', 'TRANSPORTACION', 'APLICA', 0),
	(2100307, 'GODOY ALVARADO RICARDO', 'ESPECIALISTA A', 'TRANSPORTACION', 'APLICA', 1),
	(2100308, 'GOMEZ JUAREZ FROIBEL', 'ESPECIALISTA A', 'TRANSPORTACION', 'APLICA', 1),
	(2100309, 'HERNANDEZ CISNEROS GUADALUPE', 'ESPECIALISTA A', 'TRANSPORTACION', 'APLICA', 0),
	(2100313, 'MONTIEL PEREZ MANUEL', 'ESPECIALISTA A', 'TRANSPORTACION', 'APLICA', 0),
	(2100315, 'RAMIREZ GONZALEZ JUAN FRANCISCO', 'OPERADOR C', 'TRANSPORTACION', 'APLICA', 1),
	(2100317, 'ROMO ESTRELLA HECTOR', 'ESPECIALISTA A', 'TRANSPORTACION', 'APLICA', 0),
	(2100319, 'SANDOVAL DIAZ ANA MARTINA', 'OPERADOR C', 'TRANSPORTACION', 'NO RIFA', 0),
	(2100320, 'VALDEZ ESCOBEDO FERNANDO', 'COORDINADOR', 'COORDINACION', 'APLICA', 0),
	(2101722, 'ARRIAGA ARANDA RENE', 'OPERADOR C', 'TRANSPORTACION', 'APLICA', 0),
	(2101729, 'MORA RODRIGUEZ RENE', 'OPERADOR C', 'TRANSPORTACION', 'APLICA', 1),
	(2101773, 'ZAMORANO GASTELUM JOSE HECTOR', 'OPERADOR C', 'TRANSPORTACION', 'APLICA', 1),
	(2101775, 'RAMOS GARCIA JOSE GUADALUPE', 'OPERADOR C', 'TRANSPORTACION', 'APLICA', 1),
	(2101776, 'OLIVA VAZQUEZ OMAR', 'OPERADOR C', 'TRANSPORTACION', 'APLICA', 1),
	(2101801, 'GORDILLO ROBLEZ JULIO CESAR', 'MECANICO B', 'MECANICA', 'APLICA', 0),
	(2101852, 'LIMAS GAONA RICARDO', 'OPERADOR C', 'TRANSPORTACION', 'APLICA', 0),
	(2101855, 'MANCILLA LOPEZ ULISES', 'OPERADOR C', 'TRANSPORTACION', 'APLICA', 1),
	(2101865, 'AVITIA SARELLANA HERIBERTO', 'MECANICO B', 'MECANICA', 'APLICA', 1),
	(2101954, 'CRUZ APARICIO JESUS ANGEL', 'OPERADOR C', 'TRANSPORTACION', 'APLICA', 0),
	(2101955, 'GONZALEZ HERNANDEZ ANGEL PEDRO', 'OPERADOR C', 'TRANSPORTACION', 'APLICA', 1),
	(2101957, 'FLORES ARZETA EDGAR DE JESUS', 'OPERADOR C', 'TRANSPORTACION', 'APLICA', 0),
	(2101958, 'SOLIS LEON JESUS ADRIAN', 'OPERADOR C', 'TRANSPORTACION', 'APLICA', 0),
	(2101961, 'CRUZ TREJO JOEL ENRIQUE', 'ANALISTA', 'MANTENIMIENTO', 'APLICA', 1),
	(2101965, 'RODRIGUEZ OSUNA JUAN ARTURO', 'OPERADOR C', 'TRANSPORTACION', 'APLICA', 1),
	(2101969, 'SALINAS X VICTOR MANUEL', 'ESPECIALISTA', 'RECURSOS HUMANOS', 'APLICA', 1),
	(2101977, 'GONZALEZ FIGUEROA RAMON', 'OPERADOR C', 'TRANSPORTACION', 'APLICA', 1),
	(2102007, 'HERNANDEZ HIDALGO JOSE JUAN', 'OPERADOR C', 'TRANSPORTACION', 'APLICA', 0),
	(2102021, 'LOPEZ MENDEZ JOSE CRUZ', 'OPERADOR C', 'TRANSPORTACION', 'APLICA', 0),
	(2102022, 'VELARDE HERNANDEZ MARCELO ALONSO', 'OPERADOR C', 'TRANSPORTACION', 'APLICA', 1),
	(2102025, 'PEREZ CASTILLO JOSE ALFREDO', 'OPERADOR C', 'TRANSPORTACION', 'APLICA', 0),
	(2102027, 'RAMOS GARCIA FERNANDO', 'OPERADOR C', 'TRANSPORTACION', 'APLICA', 1),
	(2102041, 'GARCIA RAMIREZ RAUL', 'OPERADOR C', 'TRANSPORTACION', 'APLICA', 0),
	(2102052, 'OSUNA CISNEROS GABRIEL', 'OPERADOR C', 'TRANSPORTACION', 'APLICA', 0),
	(2102057, 'GONZALEZ CORONA OCTAVIO', 'OPERADOR C', 'TRANSPORTACION', 'APLICA', 1),
	(2102074, 'LOPEZ VASQUEZ JOSE ALBERTO', 'OPERADOR C', 'TRANSPORTACION', 'APLICA', 1),
	(2102075, 'JIMENEZ TERESA FERNANDO', 'OPERADOR C', 'TRANSPORTACION', 'APLICA', 0),
	(2102078, 'MOLINA MOYA HORACIO', 'GERENTE', 'COMERCIAL', 'NO RIFA', 1),
	(2102122, 'ELIZALDE HERRERA JOSE RAUL', 'OPERADOR C', 'TRANSPORTACION', 'APLICA', 1),
	(2102146, 'GARCIA SOSA RAFAEL', 'MONITORISTA', 'CABINA', 'APLICA', 0),
	(2102205, 'ARCINEDA PEREZ MARIO', 'OPERADOR C', 'TRANSPORTACION', 'APLICA', 1),
	(2102207, 'HERNANDEZ PACHECO RAMON', 'OPERADOR C', 'TRANSPORTACION', 'APLICA', 1),
	(2102211, 'SANCHEZ CERVANTES ADAN', 'OPERADOR C', 'TRANSPORTACION', 'APLICA', 0),
	(2102277, 'RODRIGUEZ FAJARDO MARTIN MIGUEL', 'JEFE', 'MANTENIMIENTO', 'APLICA', 1),
	(2102287, 'HARO ARCINIEGA ADOLFO', 'CARROCERO C', 'CARROCERIA', 'APLICA', 0),
	(2102291, 'LOPEZ LOMELI LIVIER DE MARIA', 'EJECUTIVO', 'SERVICIOS ESPECIALES', 'APLICA', 1),
	(2102295, 'CHAME MENDOZA JOSE TOMAS', 'OPERADOR C', 'TRANSPORTACION', 'APLICA', 0),
	(2102323, 'PALACIOS MORENO EDGAR ISAIAS', 'INSTRUCTOR', 'CAPACITACION', 'APLICA', 1),
	(2102347, 'ARRIAGA VARGAS JESUS', 'OPERADOR C', 'TRANSPORTACION', 'APLICA', 0),
	(2102348, 'CALLEJAS RAMOS EDGAR WILFREDO', 'OPERADOR C', 'TRANSPORTACION', 'APLICA', 1),
	(2102349, 'GOMEZ SANCHEZ JESUS MARCOS', 'OPERADOR C', 'TRANSPORTACION', 'APLICA', 1),
	(2102365, 'OSUNA SUCHILT JEFFERSON', 'DESPACHADOR', 'COMBUSTIBLES', 'APLICA', 0),
	(2102374, 'CORRALES ESTRADA OSCAR ALFREDO', 'OPERADOR C', 'TRANSPORTACION', 'APLICA', 0),
	(2102375, 'FIGUEROA FLORES CARLOS', 'OPERADOR C', 'TRANSPORTACION', 'APLICA', 0),
	(2102377, 'SARMIENTO X JUAN DANIEL', 'OPERADOR C', 'TRANSPORTACION', 'APLICA', 0),
	(2102419, 'FUENTES MEDINA JAVIER', 'OPERADOR C', 'TRANSPORTACION', 'APLICA', 0),
	(2102422, 'DE DIOS GONZALEZ VICTOR', 'COORDINADOR', 'COORDINACION', 'APLICA', 1),
	(2102423, 'OSORIO GONZALEZ JOSE ANTONIO', 'OPERADOR C', 'TRANSPORTACION', 'APLICA', 1),
	(2102424, 'ROMERO RUIZ RAFAEL', 'OPERADOR C', 'TRANSPORTACION', 'APLICA', 0),
	(2102460, 'VERDUGO VERDUGO JESUS', 'OPERADOR C', 'TRANSPORTACION', 'APLICA', 0),
	(2102501, 'BRAVO FIGUEROA FRANCISCO', 'OPERADOR C', 'TRANSPORTACION', 'APLICA', 1),
	(2102503, 'HERRERA BETANCURTH ABEL', 'OPERADOR C', 'TRANSPORTACION', 'APLICA', 1),
	(2102505, 'ROSAS ZU?IGA DAVID ALBERTO', 'OPERADOR C', 'TRANSPORTACION', 'APLICA', 1),
	(2102533, 'MEJIA LOPEZ HERIBERTO', 'OPERADOR C', 'TRANSPORTACION', 'APLICA', 1),
	(2102534, 'CERVANTES MENDEZ ELISEO NEPHTALI', 'OPERADOR C', 'TRANSPORTACION', 'APLICA', 1),
	(2102539, 'MARTINEZ SANTIAGO MARIO', 'OPERADOR C', 'TRANSPORTACION', 'APLICA', 0),
	(2102550, 'GARCIA MORALES MARIO ALFONSO', 'OPERADOR C', 'TRANSPORTACION', 'APLICA', 0),
	(2102591, 'CADENA BORROEL ARTURO', 'OPERADOR C', 'TRANSPORTACION', 'APLICA', 0),
	(2102598, 'BARTOLON VELAZQUEZ JOSE JUAN', 'OPERADOR C', 'TRANSPORTACION', 'APLICA', 0),
	(2102623, 'DOMINGUEZ NU?EZ HECTOR ALEJANDRO', 'GERENTE', 'RELACIONES PUBLICAS', 'NO RIFA', 0),
	(2102625, 'RAMIREZ VALENZUELA CARLOS MIGUEL', 'EJECUTIVO', 'COMERCIAL', 'APLICA', 0),
	(2102628, 'SOLORIO RENTERIA MARTIN IVAN', 'DESPACHADOR', 'COMBUSTIBLES', 'APLICA', 0),
	(2102629, 'MARTINEZ CAMACHO RICARDO', 'DESPACHADOR', 'COMBUSTIBLES', 'APLICA', 0),
	(2102630, 'LOPEZ LOPEZ DANIEL ALEJANDRO', 'DESPACHADOR', 'COMBUSTIBLES', 'APLICA', 1),
	(2102632, 'NARANJO DE LOS SANTOS SAMUEL', 'TECNICO', 'MANTENIMIENTO', 'APLICA', 0),
	(2102637, 'MARTINEZ CID EDGAR', 'MECANICO A', 'MECANICA', 'APLICA', 1),
	(2102642, 'CERNA FLORES MANUEL', 'OPERADOR C', 'TRANSPORTACION', 'APLICA', 0),
	(2102717, 'VALENZUELA CASTA?EDA DANIELA BERENICE', 'ANALISTA', 'ADMINISTRACION', 'APLICA', 1),
	(2102756, 'TOLENTINO AGUSTIN CARLOS ALEXIS', 'OPERADOR C', 'TRANSPORTACION', 'APLICA', 1),
	(2102790, 'MACIAS ESCOBAR RODULFO ENRIQUE', 'OPERADOR C', 'TRANSPORTACION', 'APLICA', 0),
	(2102791, 'MARTINEZ AVILES LUIS FERNANDO', 'OPERADOR C', 'TRANSPORTACION', 'APLICA', 1),
	(2102793, 'MENDEZ IBARRA MAGDIEL ARTURO', 'OPERADOR C', 'TRANSPORTACION', 'APLICA', 0),
	(2102795, 'MORALES GAXIOLA IVAN VINICIO', 'OPERADOR C', 'TRANSPORTACION', 'APLICA', 0),
	(2102796, 'QUI?ONEZ HURTADO RUBEN', 'OPERADOR C', 'TRANSPORTACION', 'APLICA', 0),
	(2102884, 'HERNANDEZ GARCIA JUAN MANUEL', 'OPERADOR C', 'TRANSPORTACION', 'APLICA', 0),
	(2102893, 'LOPEZ RUIZ JOSE ALBERTO', 'OPERADOR C', 'TRANSPORTACION', 'APLICA', 0),
	(2102918, 'RUIZ SANCHEZ JUAN CARLOS', 'OPERADOR C', 'TRANSPORTACION', 'APLICA', 0),
	(2102923, 'VIDAL SOTELO ULISES', 'AUDITOR', 'COMBUSTIBLES', 'APLICA', 0),
	(2103043, 'IBARRA RODRIGUEZ EDUARDO', 'MONITORISTA', 'CABINA', 'APLICA', 0),
	(2103165, 'MONTERO VELAZQUEZ RENE', 'MECANICO A', 'MECANICA', 'APLICA', 0),
	(2103167, 'CAMES FUENTES ROSARIO ALBERTO', 'OPERADOR C', 'TRANSPORTACION', 'APLICA', 1),
	(2103173, 'RODRIGUEZ AYALA CARLOS ALBERTO', 'OPERADOR C', 'TRANSPORTACION', 'APLICA', 0),
	(2103175, 'VILLAGOMEZ ALONSO JOAQUIN', 'OPERADOR C', 'TRANSPORTACION', 'APLICA', 0),
	(2103178, 'ENRIQUE PACHECO JAVIER', 'OPERADOR C', 'TRANSPORTACION', 'APLICA', 0),
	(2103185, 'RODRIGUEZ TORRES ABRAHAM', 'OPERADOR C', 'TRANSPORTACION', 'APLICA', 0),
	(2103210, 'MARTIN DEL CAMPO BADIAL DAVID JESUS', 'ELECTRICO A', 'ELECTRICO', 'APLICA', 0),
	(2103219, 'GONZALEZ LOPEZ JUAN FRANCISCO', 'OPERADOR C', 'TRANSPORTACION', 'APLICA', 0),
	(2103220, 'HERRERA MARTINEZ JOSE MANUEL', 'OPERADOR C', 'TRANSPORTACION', 'APLICA', 0),
	(2103221, 'RODRIGUEZ CORTEZ MIGUEL ANGEL', 'OPERADOR C', 'TRANSPORTACION', 'APLICA', 0),
	(2103223, 'MOLINA ARCHILA CARLOS DANIEL', 'OPERADOR C', 'TRANSPORTACION', 'APLICA', 0),
	(2103308, 'BEDOLLA MATEOS AURELIO', 'OPERADOR C', 'TRANSPORTACION', 'APLICA', 1),
	(2103311, 'PEREA DAMIAN AGUSTIN', 'OPERADOR C', 'TRANSPORTACION', 'APLICA', 0),
	(2103330, 'MARQUEZ FLORES RICARDO', 'OPERADOR C', 'TRANSPORTACION', 'APLICA', 0),
	(2103331, 'ALONSO FLORES JULIO CESAR', 'OPERADOR C', 'TRANSPORTACION', 'APLICA', 0),
	(2103340, 'GONZALEZ CRUZ JORGE RAMON', 'OPERADOR C', 'TRANSPORTACION', 'APLICA', 0),
	(2103347, 'SALINAS ZARATE JUAN CARLOS', 'OPERADOR C', 'TRANSPORTACION', 'APLICA', 1),
	(2103348, 'ORBE AGUIRRE NAZARIO', 'OPERADOR C', 'TRANSPORTACION', 'APLICA', 0),
	(2103349, 'HERNANDEZ CONTRERAS NICOLAS', 'OPERADOR C', 'TRANSPORTACION', 'APLICA', 1),
	(2103353, 'RUIZ LEON DAVID', 'OPERADOR C', 'TRANSPORTACION', 'APLICA', 1),
	(2103354, 'GALIS SANCHEZ JUAN', 'OPERADOR C', 'TRANSPORTACION', 'APLICA', 0),
	(2103355, 'AVENA ANDERSON CARLOS', 'OPERADOR C', 'TRANSPORTACION', 'APLICA', 1),
	(2103365, 'BARRON VALDEZ BERENICE', 'COORDINADOR', 'COORDINACION', 'APLICA', 1),
	(2103381, 'MU?IZ SALINAS JAIME IVAN', 'DIRECTOR', 'ADMINISTRACION', 'APLICA', 0),
	(2103404, 'RODRIGUEZ VILLAVICENCIO JESUS ALONSO', 'OPERADOR C', 'TRANSPORTACION', 'APLICA', 1),
	(2103405, 'VAZQUEZ VEGA GEOVANNY', 'OPERADOR C', 'TRANSPORTACION', 'APLICA', 0),
	(2103409, 'RODRIGUEZ MARQUEZ MARIO', 'OPERADOR C', 'TRANSPORTACION', 'APLICA', 1),
	(2103418, 'GARCIA SILVA JOSE LUIS', 'OPERADOR C', 'TRANSPORTACION', 'APLICA', 1),
	(2103421, 'LARA FLORES JOSE ALFREDO', 'OPERADOR C', 'TRANSPORTACION', 'APLICA', 0),
	(2103457, 'MARTINEZ LOPEZ KEVIN DANIEL', 'OPERADOR C', 'TRANSPORTACION', 'APLICA', 0),
	(2103459, 'FERNANDEZ TRUJILLO HECTOR OMAR', 'MONITORISTA', 'CABINA', 'APLICA', 1),
	(2103470, 'AVI?A ALEJANDRE MIGUEL', 'OPERADOR C', 'TRANSPORTACION', 'APLICA', 0),
	(2103504, 'ZAMBRANO GUTIERREZ TEOFILO', 'OPERADOR C', 'TRANSPORTACION', 'APLICA', 1),
	(2103505, 'VILLANUEVA PEREZ ANGEL', 'OPERADOR C', 'TRANSPORTACION', 'APLICA', 1),
	(2103547, 'CONTRERAS LOREDO JUAN VALENTIN', 'OPERADOR C', 'TRANSPORTACION', 'APLICA', 0),
	(2103548, 'GARDU?O RAMOS DAVID RAUL', 'OPERADOR C', 'TRANSPORTACION', 'APLICA', 0),
	(2103549, 'HERNANDEZ EMILIANO JOSE GUADALUPE', 'OPERADOR C', 'TRANSPORTACION', 'APLICA', 1),
	(2103550, 'MACEDO CASTILLO JUAN MANUEL', 'OPERADOR C', 'TRANSPORTACION', 'APLICA', 0),
	(2103552, 'NU?EZ RAMIREZ JOSUE ENRIQUE', 'OPERADOR C', 'TRANSPORTACION', 'APLICA', 0),
	(2103553, 'PAREDES RIOS JULIO CESAR', 'OPERADOR C', 'TRANSPORTACION', 'APLICA', 0),
	(2103558, 'CARVAJAL PINEDA JESUS', 'JEFE', 'ADMINISTRACION', 'APLICA', 0),
	(2103566, 'ROBLES RIVERA FAUSTO RODRIGO', 'COORDINADOR', 'COORDINACION', 'APLICA', 1),
	(2103568, 'GARCIA ROMERO CESAR ANDRES', 'ESPECIALISTA', 'CABINA', 'APLICA', 0),
	(2103594, 'SANCHEZ RAMOS JESUS OMAR', 'OPERADOR C', 'TRANSPORTACION', 'APLICA', 1),
	(2103595, 'JIMENEZ JIMENEZ RODRIGO', 'OPERADOR C', 'TRANSPORTACION', 'APLICA', 1),
	(2103609, 'SERRANO BELLO EMILIO', 'OPERADOR C', 'TRANSPORTACION', 'APLICA', 1),
	(2103630, 'MENDOZA JUAREZ J.GUADALUPE', 'MECANICO B', 'MECANICA', 'APLICA', 0),
	(2103637, 'SANCHEZ SANDOVAL NICOLAS RAUL', 'OPERADOR C', 'TRANSPORTACION', 'APLICA', 0),
	(2103644, 'VALENZUELA OBESO GABRIEL', 'MECANICO A', 'MECANICA', 'APLICA', 1),
	(2103648, 'ROBLERO RAMIREZ LUIS ANGEL', 'OPERADOR C', 'TRANSPORTACION', 'APLICA', 1),
	(2103683, 'GOMEZ CASILLAS RAFAEL', 'OPERADOR C', 'TRANSPORTACION', 'APLICA', 0),
	(2103687, 'VELAZQUEZ RODRIGUEZ ASARIAS', 'OPERADOR C', 'TRANSPORTACION', 'APLICA', 1),
	(2103737, 'MARTINEZ RUIZ JUAN CARLOS', 'OPERADOR C', 'TRANSPORTACION', 'APLICA', 0),
	(2103742, 'GOMEZ SALDA?A FRANCISCO JAVIER', 'OPERADOR C', 'TRANSPORTACION', 'APLICA', 0),
	(2103743, 'RECENDEZ BRACAMONTES JESUS ESTEBAN', 'OPERADOR C', 'TRANSPORTACION', 'APLICA', 0),
	(2103744, 'ROMAN GOMEZ EDUARDO', 'OPERADOR C', 'TRANSPORTACION', 'APLICA', 1),
	(2103772, 'MARQUEZ FLORES IVAN', 'OPERADOR C', 'TRANSPORTACION', 'APLICA', 0),
	(2103773, 'CORDERO LARA VICTOR MANUEL', 'OPERADOR C', 'TRANSPORTACION', 'APLICA', 0),
	(2103774, 'MARIN RAMOS JACOBO', 'MECANICO A', 'MECANICA', 'APLICA', 0),
	(2103830, 'SALDA?A BERNAL GILBERTO', 'GERENTE', 'RECURSOS HUMANOS', 'NO RIFA', 0),
	(2103831, 'BUCIO GONZALEZ JOSE LUIS', 'OPERADOR C', 'TRANSPORTACION', 'APLICA', 0),
	(2103832, 'CRUZ ESTRADA FELIPE', 'OPERADOR C', 'TRANSPORTACION', 'APLICA', 0),
	(2103833, 'SALAZAR ALARCON CARLOS ANTONIO', 'OPERADOR C', 'TRANSPORTACION', 'APLICA', 1),
	(2103834, 'APARICIO MEJIA DANIEL', 'OPERADOR C', 'TRANSPORTACION', 'APLICA', 0),
	(2103838, 'RANGEL MORALES SABINO', 'OPERADOR C', 'TRANSPORTACION', 'APLICA', 1),
	(2103840, 'ESCOBAR RAMIREZ EDUARDO', 'OPERADOR C', 'TRANSPORTACION', 'NO RIFA', 0),
	(2103867, 'HERNANDEZ CORONADO MANUEL ENRIQUE', 'ESPECIALISTA', 'RECURSOS HUMANOS', 'APLICA', 1),
	(2103922, 'MURILLO ORTIZ JOSE FRANCISCO', 'OPERADOR C', 'TRANSPORTACION', 'APLICA', 1),
	(2103923, 'HERNANDEZ PEREZ JULIO FRANCISCO', 'OPERADOR C', 'TRANSPORTACION', 'APLICA', 0),
	(2103924, 'BURGA LONGAREZ ABRAHAM', 'OPERADOR C', 'TRANSPORTACION', 'APLICA', 0),
	(2103925, 'ALVAREZ RENDON RICARDO', 'OPERADOR C', 'TRANSPORTACION', 'APLICA', 0),
	(2103927, 'VERGARA PASION JAZZIEL', 'OPERADOR C', 'TRANSPORTACION', 'APLICA', 1),
	(2103929, 'MIRANDA MACIEL MIGUEL ANGEL', 'OPERADOR C', 'TRANSPORTACION', 'APLICA', 1),
	(2103930, 'CRUZ OSUNA ESPETACION', 'OPERADOR C', 'TRANSPORTACION', 'APLICA', 0),
	(2103962, 'GONZALEZ ENRIQUEZ JULIO CESAR', 'OPERADOR C', 'TRANSPORTACION', 'APLICA', 1),
	(2103963, 'CONTRERAS X JUAN MANUEL', 'OPERADOR C', 'TRANSPORTACION', 'APLICA', 1),
	(2103989, 'MOLINA PEREZ FLORENCIO ERASMO', 'OPERADOR C', 'TRANSPORTACION', 'APLICA', 1),
	(2103990, 'RANGEL MENDOZA MARTHA ARGELIA', 'AUXILIAR', 'RECURSOS HUMANOS', 'APLICA', 1),
	(2103991, 'COBOS PACHECO LAZARO', 'OPERADOR C', 'TRANSPORTACION', 'APLICA', 1),
	(2103994, 'MORENO VALADEZ JUAN VICTOR', 'OPERADOR C', 'TRANSPORTACION', 'APLICA', 1),
	(2103995, 'JIMENEZ PEREZ ROBERTO', 'OPERADOR C', 'TRANSPORTACION', 'APLICA', 0),
	(2104016, 'TERRAZA ARMENTA FAUSTO DAMIAN', 'OPERADOR C', 'TRANSPORTACION', 'APLICA', 1),
	(2104035, 'GRANADOS MARTINEZ JESUS ANTONIO', 'OPERADOR C', 'TRANSPORTACION', 'APLICA', 1),
	(2104037, 'LIRA CALDERON JOEL', 'OPERADOR C', 'TRANSPORTACION', 'APLICA', 0),
	(2104043, 'HERNANDEZ ABARCA ERNESTO', 'OPERADOR C', 'TRANSPORTACION', 'APLICA', 1),
	(2104075, 'HERNANDEZ CASTILLO EDUARDO', 'OPERADOR C', 'TRANSPORTACION', 'APLICA', 0),
	(2104076, 'MALDONADO MACHUCA JUAN MANUEL', 'OPERADOR C', 'TRANSPORTACION', 'APLICA', 0),
	(2104091, 'MAGA?A SANCHEZ FELIPE', 'OPERADOR C', 'TRANSPORTACION', 'APLICA', 0),
	(2104092, 'RAMOS PALMA SANDRO DE JESUS', 'OPERADOR C', 'TRANSPORTACION', 'APLICA', 0),
	(2104118, 'INZUNZA OJEDA HERMES', 'MECANICO A', 'MECANICA', 'APLICA', 1),
	(2104119, 'NORIS DIAZ SERGIO CIPRIANO', 'JEFE', 'ALMACEN', 'APLICA', 0),
	(2104121, 'SUAREZ PUENTE JULIO CESAR', 'JEFE', 'TRANSPORTACION', 'APLICA', 0),
	(2104130, 'MANZANO SOLORZANO ISIDRO ANTONIO', 'MECANICO A', 'MECANICA', 'APLICA', 1),
	(2104131, 'DIARTE PE?A MIGUEL ANGEL', 'OPERADOR C', 'TRANSPORTACION', 'APLICA', 1),
	(2104132, 'MALDONADO ALFONSIN FREDIS JAVIER', 'OPERADOR C', 'TRANSPORTACION', 'APLICA', 1),
	(2104133, 'ISLAS FARIAS EDMAR', 'COORDINADOR', 'COORDINACION', 'APLICA', 0),
	(2104134, 'TOSCA CRUZ DANIEL ENRIQUE', 'OPERADOR C', 'TRANSPORTACION', 'APLICA', 0),
	(2104135, 'VARGAS ARELLANO DANIEL', 'OPERADOR C', 'TRANSPORTACION', 'APLICA', 0),
	(2104136, 'PEREZ CASTILLO JAIME', 'OPERADOR C', 'TRANSPORTACION', 'APLICA', 0),
	(2104138, 'SALOMON MATUZ JOSUE WBALDO', 'OPERADOR C', 'TRANSPORTACION', 'APLICA', 1),
	(2104139, 'AVILA PI?A RODOLFO', 'OPERADOR C', 'TRANSPORTACION', 'APLICA', 0),
	(2104151, 'FUENTES PRISCILIANO MARTIN', 'OPERADOR C', 'TRANSPORTACION', 'APLICA', 1),
	(2104158, 'CERVANTES VALDES LUCIA AMALIA', 'GERENTE', 'COMERCIAL', 'NO RIFA', 1),
	(2104168, 'SEGOVIANO TRUJILLO LUIS BERNARDO', 'OPERADOR C', 'TRANSPORTACION', 'APLICA', 0),
	(2104171, 'BERNAL TAPIA REY DAVID', 'OPERADOR C', 'TRANSPORTACION', 'APLICA', 0),
	(2104200, 'LOPEZ SANTOS PATRICIA', 'COORDINADOR', 'COORDINACION', 'APLICA', 0),
	(2104220, 'ANGULO CASTRO CAMILO', 'ELECTRICO B', 'ELECTRICO', 'APLICA', 0),
	(2104222, 'REMIREZ LANCE MARTHA', 'GERENTE', 'ADMINISTRACION', 'NO RIFA', 1),
	(2104223, 'MACARIO ALVARADO DAVID', 'OPERADOR C', 'TRANSPORTACION', 'APLICA', 0),
	(2104225, 'CRUZ PEREZ MANUEL', 'OPERADOR C', 'TRANSPORTACION', 'APLICA', 0),
	(2104226, 'GASPAR SAMANO PEDRO', 'OPERADOR C', 'TRANSPORTACION', 'APLICA', 1),
	(2104227, 'LEAL DIAZ HUGO FABIAN', 'OPERADOR C', 'TRANSPORTACION', 'APLICA', 0),
	(2104229, 'HARRIS MORALES MARCOS DANIEL', 'OPERADOR C', 'TRANSPORTACION', 'APLICA', 1),
	(2104274, 'NU?EZ RINCON PEDRO', 'OPERADOR C', 'TRANSPORTACION', 'APLICA', 0),
	(2104280, 'ZACARIAS RAYAS RODOLFO', 'OPERADOR C', 'TRANSPORTACION', 'APLICA', 0),
	(2104297, 'GARCIA LEYVA HECTOR', 'OPERADOR C', 'TRANSPORTACION', 'APLICA', 0),
	(2104300, 'HUATO CLAVEL LOURDES YESENIA', 'DESPACHADOR', 'COMBUSTIBLES', 'APLICA', 1),
	(2104301, 'VELAZQUEZ ALCOCER JUAN PABLO', 'OPERADOR C', 'TRANSPORTACION', 'APLICA', 0),
	(2104337, 'CENTENO BECERRA ANDRES', 'OPERADOR C', 'TRANSPORTACION', 'APLICA', 1),
	(2104338, 'SERAPIO NOLASCO AMADO', 'OPERADOR C', 'TRANSPORTACION', 'APLICA', 1),
	(2104340, 'GAMBOA CHAIDEZ JOSE SINHUE', 'OPERADOR C', 'TRANSPORTACION', 'APLICA', 1),
	(2104342, 'LEYVA ROMERO JORGE LUIS', 'OPERADOR C', 'TRANSPORTACION', 'APLICA', 0),
	(2104343, 'FIGUEROA TORRES GILBERTO', 'OPERADOR C', 'TRANSPORTACION', 'APLICA', 0),
	(2104364, 'ZATARAIN VELARDE JAVIER', 'TAPICERO', 'MANTENIMIENTO', 'APLICA', 1),
	(2104380, 'JIMENEZ NAVARRO JOSE ALFREDO', 'OPERADOR C', 'TRANSPORTACION', 'APLICA', 1),
	(2104383, 'HIGUERA SANDOVAL JESUS MARTIN', 'OPERADOR C', 'TRANSPORTACION', 'APLICA', 0),
	(2104385, 'ROCHIN MARTINEZ RAMON', 'OPERADOR C', 'TRANSPORTACION', 'APLICA', 1),
	(2104386, 'RIVERA VOTTE MARCOS', 'OPERADOR C', 'TRANSPORTACION', 'APLICA', 1),
	(2104387, 'RENDON CARLOS JESUS', 'OPERADOR C', 'TRANSPORTACION', 'APLICA', 1),
	(2104405, 'SANTA OLALLA SANTOS KARINA', 'COORDINADOR', 'ADMINISTRACION', 'APLICA', 1),
	(2104474, 'BRISE?O ARREOLA MIGUEL ANGEL', 'OPERADOR C', 'TRANSPORTACION', 'APLICA', 0),
	(2104475, 'OROZCO BELMONTES AGUSTIN', 'OPERADOR C', 'TRANSPORTACION', 'APLICA', 0),
	(2104477, 'HERNANDEZ MU?OZ EUGENIO ARTURO', 'OPERADOR C', 'TRANSPORTACION', 'APLICA', 0),
	(2104480, 'CARRILLO SOTO JUAN GABRIEL', 'OPERADOR C', 'TRANSPORTACION', 'APLICA', 1),
	(2104481, 'SALAS CASTILLO CARLOS ANTONIO', 'OPERADOR C', 'TRANSPORTACION', 'APLICA', 0),
	(2104483, 'SERVIN LORANCA EMIGDIO', 'OPERADOR C', 'TRANSPORTACION', 'APLICA', 0),
	(2104519, 'MARTINEZ OCHOA FERNANDO', 'MECANICO A', 'MECANICA', 'APLICA', 0),
	(2104549, 'RODRIGUEZ ALMARAZ ISRAEL', 'OPERADOR C', 'TRANSPORTACION', 'APLICA', 0),
	(2104550, 'QUINTANA HERNANDEZ VICTOR MANUEL', 'OPERADOR C', 'TRANSPORTACION', 'APLICA', 0),
	(2104551, 'REYES CRISANTO ALEJANDRO', 'OPERADOR C', 'TRANSPORTACION', 'APLICA', 0),
	(2104561, 'MARTINEZ CARRERA ALDAIR', 'OPERADOR C', 'TRANSPORTACION', 'APLICA', 1),
	(2104562, 'QUINTANA MALDONADO RAFAEL', 'OPERADOR C', 'TRANSPORTACION', 'APLICA', 1),
	(2104565, 'LOPEZ SECUNDINO JAVIER', 'OPERADOR C', 'TRANSPORTACION', 'APLICA', 0),
	(2104571, 'ARTEAGA ZATARAIN JONATHAN JESUS', 'OPERADOR C', 'TRANSPORTACION', 'APLICA', 0),
	(2104574, 'MONTES SANCHEZ JORDAN ALEJANDRO', 'OPERADOR C', 'TRANSPORTACION', 'APLICA', 0),
	(2104577, 'HERNANDEZ LUIS DANIEL ALBERTO', 'OPERADOR C', 'TRANSPORTACION', 'APLICA', 0),
	(2104650, 'DEL BOSQUE GARCIA EDUARDO', 'GERENTE', 'MANTENIMIENTO', 'NO RIFA', 1),
	(2104670, 'APARICIO TELLEZ BENIGNO', 'OPERADOR C', 'TRANSPORTACION', 'APLICA', 1),
	(2104674, 'VALENTE LUNA JOSE LUIS', 'OPERADOR C', 'TRANSPORTACION', 'APLICA', 1),
	(2104675, 'VILLALOBOS JACOME GALDINO', 'OPERADOR C', 'TRANSPORTACION', 'APLICA', 0),
	(2104676, 'RODRIGUEZ PULIDO EDUARDO', 'MECANICO B', 'MECANICA', 'APLICA', 0),
	(2104699, 'BOLA?OS ENRIQUEZ JONATHAN', 'OPERADOR C', 'TRANSPORTACION', 'APLICA', 0),
	(2104700, 'CATALAN ADAME JUAN CRUZ', 'OPERADOR C', 'TRANSPORTACION', 'APLICA', 1),
	(2104704, 'HERNANDEZ TEODORO JESUS', 'OPERADOR C', 'TRANSPORTACION', 'APLICA', 1),
	(2104710, 'PONCE ESPINOZA JOSE FERMIN', 'OPERADOR C', 'TRANSPORTACION', 'APLICA', 0),
	(2104712, 'RODRIGUEZ LOPEZ VICENTE', 'OPERADOR C', 'TRANSPORTACION', 'APLICA', 1),
	(2104714, 'RUIZ ROMERO LUIS ALBERTO', 'OPERADOR C', 'TRANSPORTACION', 'APLICA', 0),
	(2104764, 'ESPARZA BECERRA LIZETH BERENICE', 'JEFE', 'TRANSPORTACION', 'APLICA', 1),
	(2104776, 'ARCEO LEYVA URIEL', 'OPERADOR C', 'TRANSPORTACION', 'APLICA', 0),
	(2104777, 'ENRIQUEZ AVILA GUSTAVO', 'OPERADOR C', 'TRANSPORTACION', 'APLICA', 0),
	(2104780, 'MIRAMON MENESES GUILLERMO ANTONIO', 'OPERADOR C', 'TRANSPORTACION', 'APLICA', 0),
	(2104781, 'PICAZO VENCES ENRIQUE', 'OPERADOR C', 'TRANSPORTACION', 'APLICA', 0),
	(2104783, 'TORRES ARAGON MAXIMINO ELODIO', 'OPERADOR C', 'TRANSPORTACION', 'APLICA', 1),
	(2104785, 'MURILLO HERNANDEZ JULIO CESAR', 'OPERADOR C', 'TRANSPORTACION', 'APLICA', 0),
	(2104786, 'ALMAGUER CORDERO JOSUE ISRAEL', 'OPERADOR C', 'TRANSPORTACION', 'APLICA', 0),
	(2104843, 'MORENO ACU?A ANTULIO', 'OPERADOR C', 'TRANSPORTACION', 'APLICA', 0),
	(2104844, 'ORNELAS MORALES LUIS ALFREDO', 'OPERADOR C', 'TRANSPORTACION', 'APLICA', 1),
	(2104845, 'RIOS HERNANDEZ RICARDO', 'OPERADOR C', 'TRANSPORTACION', 'APLICA', 0),
	(2104847, 'SALAZAR BRACAMONTES GUADALUPE YOLIZZMA', 'OPERADOR C', 'TRANSPORTACION', 'APLICA', 0),
	(2104848, 'SOLANO ORTIZ EDRAS', 'OPERADOR C', 'TRANSPORTACION', 'APLICA', 1),
	(2104849, 'SUAREZ JUAREZ SAMUEL', 'OPERADOR C', 'TRANSPORTACION', 'APLICA', 1),
	(2104850, 'VILLANUEVA DUARTE FREDY JESUS', 'OPERADOR C', 'TRANSPORTACION', 'APLICA', 1),
	(2104851, 'VILLARREAL PEREZ JOSE MANUEL', 'OPERADOR C', 'TRANSPORTACION', 'APLICA', 0),
	(2104866, 'RUIZ AGUIRRE TERESO RAUDEL', 'OPERADOR C', 'TRANSPORTACION', 'APLICA', 1),
	(2104875, 'CARRILLO CERVANTES CHRISTIAN', 'MONITORISTA', 'CABINA', 'APLICA', 0),
	(2104897, 'SOLANO VALDEZ RICARDO', 'JEFE', 'MANTENIMIENTO', 'APLICA', 0),
	(2104917, 'MENDIVIL RIVERA JESUS ADRIAN', 'OPERADOR C', 'TRANSPORTACION', 'APLICA', 0),
	(2104918, 'MERCADO ALTAMIRANO PEDRO', 'OPERADOR C', 'TRANSPORTACION', 'APLICA', 0),
	(2104931, 'RIOS ESPITIA JUAN JESUS', 'OPERADOR C', 'TRANSPORTACION', 'APLICA', 1),
	(2104934, 'ROSAS ABARCA FRANCISCO JAVIER', 'OPERADOR C', 'TRANSPORTACION', 'APLICA', 1),
	(2104935, 'URREA DIRCIO GUILLERMO', 'OPERADOR C', 'TRANSPORTACION', 'APLICA', 0),
	(2104936, 'SOLANO LUZANILLA JESUS SAMUEL', 'OPERADOR C', 'TRANSPORTACION', 'APLICA', 0),
	(2104960, 'ARREOLA RUBIO JUAN', 'OPERADOR C', 'TRANSPORTACION', 'APLICA', 0),
	(2104962, 'MEZA RIVERA REYNALDO', 'OPERADOR C', 'TRANSPORTACION', 'APLICA', 0),
	(2104963, 'MORALES ROBLERO HECTOR RAFAEL', 'OPERADOR C', 'TRANSPORTACION', 'APLICA', 0),
	(2104964, 'REYNA AVILA JOSE JUAN', 'OPERADOR C', 'TRANSPORTACION', 'APLICA', 0),
	(2104967, 'RUIZ OSORNO GILBERTO', 'OPERADOR C', 'TRANSPORTACION', 'APLICA', 1),
	(2104968, 'TREJO AMAYA GAMALIEL', 'OPERADOR C', 'TRANSPORTACION', 'APLICA', 1),
	(2104972, 'SALAZAR SANCHEZ HECTOR', 'OPERADOR C', 'TRANSPORTACION', 'APLICA', 1),
	(2104991, 'GALLARDO CARRILES ARTURO PATRICIO', 'GERENTE', 'MANTENIMIENTO', 'NO RIFA', 1),
	(2104995, 'LOZANO VALENCIANO JAVIER', 'OPERADOR C', 'TRANSPORTACION', 'APLICA', 0),
	(2104996, 'SANCHEZ HERNANDEZ MIGUEL', 'OPERADOR C', 'TRANSPORTACION', 'APLICA', 0),
	(2104997, 'VALENZUELA ROMERO JULIO ALFONSO', 'OPERADOR C', 'TRANSPORTACION', 'APLICA', 0),
	(2105020, 'VELEZ HERNANDEZ MANUEL GABRIEL', 'OPERADOR C', 'TRANSPORTACION', 'APLICA', 0),
	(2105021, 'SOJO MONTOYA OCTAVIO', 'OPERADOR C', 'TRANSPORTACION', 'APLICA', 1),
	(2105022, 'NOGUERON DOMINGUEZ MARIO', 'OPERADOR C', 'TRANSPORTACION', 'APLICA', 0),
	(2105023, 'JIMENEZ MONTEJO LUIS ENRIQUE', 'OPERADOR C', 'TRANSPORTACION', 'APLICA', 1),
	(2105042, 'DIAZ BUENO DANTE', 'OPERADOR C', 'TRANSPORTACION', 'APLICA', 1),
	(2105043, 'DOMINGUEZ ESCALONA FABIAN', 'OPERADOR C', 'TRANSPORTACION', 'APLICA', 1),
	(2105044, 'BOJORQUEZ BARRERAS SALVADOR', 'OPERADOR C', 'TRANSPORTACION', 'APLICA', 1),
	(2105046, 'ALCANTARA ALCANTARA MOISES', 'OPERADOR C', 'TRANSPORTACION', 'APLICA', 0),
	(2105047, 'DURAN GARCIA JOSE ALFREDO', 'OPERADOR C', 'TRANSPORTACION', 'APLICA', 0),
	(2105048, 'SANCHEZ REYNOSO RAUL ALBERTO', 'OPERADOR C', 'TRANSPORTACION', 'APLICA', 1),
	(2105049, 'BARRANCO GONZALEZ TOMAS', 'OPERADOR C', 'TRANSPORTACION', 'APLICA', 0),
	(2105096, 'ARIAS ORTIZ SAMUEL', 'OPERADOR C', 'TRANSPORTACION', 'APLICA', 0),
	(2105101, 'CRUZ OSUNA JORGE LUIS', 'OPERADOR C', 'TRANSPORTACION', 'APLICA', 0),
	(2105102, 'ENRIQUEZ RUIZ JAIME EFRAIN', 'OPERADOR C', 'TRANSPORTACION', 'APLICA', 1),
	(2105103, 'FERNANDEZ BARRERA MANUEL', 'OPERADOR C', 'TRANSPORTACION', 'APLICA', 0),
	(2105125, 'GOMES GARCIA HUMBERTO', 'OPERADOR C', 'TRANSPORTACION', 'APLICA', 0),
	(2105126, 'TORRES CUBIAS FRANCISCO JAVIER', 'OPERADOR C', 'TRANSPORTACION', 'APLICA', 1),
	(2105159, 'DIAZ VIGIL CESAR GERONIMO', 'OPERADOR C', 'TRANSPORTACION', 'APLICA', 0),
	(2105163, 'RAMIREZ BASILIO JORGE ANTONIO', 'OPERADOR C', 'TRANSPORTACION', 'APLICA', 0),
	(2105166, 'RUIZ PACHECO JESUS MANUEL', 'OPERADOR C', 'TRANSPORTACION', 'APLICA', 0),
	(2105167, 'SIMON BARRON NESTOR', 'OPERADOR C', 'TRANSPORTACION', 'APLICA', 0),
	(2105203, 'JIMENEZ HILARIO JULIO CESAR', 'COORDINADOR', 'COORDINACION', 'APLICA', 0),
	(2105205, 'FIGUEROA OSUNA GIOVANA MARINA', 'AUXILIAR', 'RECURSOS HUMANOS', 'APLICA', 1),
	(2105220, 'MARTINEZ GONZALEZ JUVENTINO', 'OPERADOR C', 'TRANSPORTACION', 'APLICA', 0),
	(2105256, 'GONZALEZ CUSTODIO CARLOS ALONSO', 'OPERADOR C', 'TRANSPORTACION', 'APLICA', 0),
	(2105257, 'GRANERO GUEVARA RICARDO JAVIER', 'OPERADOR C', 'TRANSPORTACION', 'APLICA', 0),
	(2105258, 'JAIMEZ GONZALEZ MANUEL', 'OPERADOR C', 'TRANSPORTACION', 'APLICA', 0),
	(2105261, 'MUJICA GRANA ISRAEL', 'OPERADOR C', 'TRANSPORTACION', 'APLICA', 1),
	(2105262, 'RAMOS MARTINEZ CESAR EDUARDO', 'OPERADOR C', 'TRANSPORTACION', 'APLICA', 0),
	(2105264, 'SOSA NARANJO JULIO', 'OPERADOR C', 'TRANSPORTACION', 'APLICA', 0),
	(2105271, 'ROJERO RAMIREZ JUAN JOSE', 'OPERADOR C', 'TRANSPORTACION', 'APLICA', 0),
	(2105325, 'MAGANDA GALLARDO JUAN ALBERTO', 'OPERADOR C', 'TRANSPORTACION', 'APLICA', 0),
	(2105327, 'PEREZ CHAVEZ JAVIER', 'OPERADOR C', 'TRANSPORTACION', 'APLICA', 1),
	(2105328, 'RENDON CONTRERAS JOSE JUAN', 'OPERADOR C', 'TRANSPORTACION', 'APLICA', 0),
	(2105330, 'RODRIGUEZ CONTRERAS EDUARDO', 'OPERADOR C', 'TRANSPORTACION', 'APLICA', 0),
	(2105331, 'VALENCIA LOPEZ JOSE LUIS', 'OPERADOR C', 'TRANSPORTACION', 'APLICA', 0),
	(2105336, 'SANTANA ACOSTA JUAN DIEGO', 'OPERADOR C', 'TRANSPORTACION', 'APLICA', 0),
	(2105337, 'VALENCIA ALCARAZ DAGOBERTO', 'OPERADOR C', 'TRANSPORTACION', 'APLICA', 0),
	(2105382, 'HERNANDEZ TORRES JOSE ADALBERTO', 'CARROCERO A', 'CARROCERIA', 'APLICA', 1),
	(2105385, 'GONZALEZ VAZQUEZ JORGE', 'OPERADOR C', 'TRANSPORTACION', 'APLICA', 0),
	(2105386, 'GUTIERREZ MENDOZA JULIO', 'OPERADOR C', 'TRANSPORTACION', 'APLICA', 0),
	(2105390, 'GONZALEZ PEREZ MARIO ALBERTO', 'OPERADOR C', 'TRANSPORTACION', 'APLICA', 0),
	(2105424, 'REYNOSO CORONA ALFREDO GUADALUPE', 'OPERADOR C', 'TRANSPORTACION', 'APLICA', 0),
	(2105426, 'PE?UELAS VEGA GUADALUPE', 'OPERADOR C', 'TRANSPORTACION', 'APLICA', 1),
	(2105429, 'VILLANUEVA CARRILLO LUIS HUMBERTO', 'OPERADOR C', 'TRANSPORTACION', 'APLICA', 0),
	(2105443, 'RAMIREZ GARZA ALVARO FRANCISCO', 'CHOFER', 'ADMINISTRACION', 'APLICA', 0),
	(2105444, 'HERNANDEZ CHIQUETE MIRIAM ALEJANDRA', 'ASISTENTE', 'RELACIONES PUBLICAS', 'APLICA', 0),
	(2105452, 'BARCENAS SANCHEZ YONATHAN', 'COORDINADOR', 'ADMON. Y PROYECTOS DE MEJORA', 'APLICA', 1),
	(2105478, 'FIGUEROA VAZQUEZ MAURICIO', 'OPERADOR C', 'TRANSPORTACION', 'APLICA', 1),
	(2105479, 'SOLIS MENDEZ JAIME HORACIO', 'OPERADOR C', 'TRANSPORTACION', 'APLICA', 0),
	(2105481, 'SOLIS VILLA MARCO ANTONIO', 'OPERADOR C', 'TRANSPORTACION', 'APLICA', 0),
	(2105483, 'X HERNANDEZ FRANCISCO JAVIER', 'OPERADOR C', 'TRANSPORTACION', 'APLICA', 0),
	(2105492, 'BENITEZ BERNARDINO GUSTAVO ADOLFO', 'OPERADOR C', 'TRANSPORTACION', 'APLICA', 0),
	(2105497, 'ROBLES SILVA JORGE ALBERTO', 'OPERADOR C', 'TRANSPORTACION', 'APLICA', 1),
	(2105509, 'ELIAS GORDIAN EDUARDO', 'OPERADOR C', 'TRANSPORTACION', 'APLICA', 0),
	(2105510, 'GARCIA MENDOZA ALFREDO IVAN', 'OPERADOR C', 'TRANSPORTACION', 'APLICA', 0),
	(2105512, 'MARTINEZ GONZALEZ HERACLIO', 'OPERADOR C', 'TRANSPORTACION', 'APLICA', 0),
	(2105513, 'MOCTEZUMA LEYVA PEDRO', 'OPERADOR C', 'TRANSPORTACION', 'APLICA', 0),
	(2105515, 'SANCHEZ GAYTAN OSCAR EDUARDO', 'OPERADOR C', 'TRANSPORTACION', 'APLICA', 0),
	(2105516, 'VAZQUEZ HERNANDEZ JOSE ANGEL', 'OPERADOR C', 'TRANSPORTACION', 'APLICA', 0),
	(2105530, 'GUTIERREZ CARTE?O VICENTE', 'COORDINADOR', 'COORDINACION', 'APLICA', 1),
	(2105542, 'AGUILAR ALCOCER JOSE ANTONIO', 'OPERADOR C', 'TRANSPORTACION', 'APLICA', 0),
	(2105544, 'CASTRO VELDERRAIN JOSE GABRIEL', 'OPERADOR C', 'TRANSPORTACION', 'APLICA', 0),
	(2105546, 'CORTES RAMIREZ EDER', 'OPERADOR C', 'TRANSPORTACION', 'APLICA', 0),
	(2105547, 'CORTEZ NAZARIO JOAQUIN', 'OPERADOR C', 'TRANSPORTACION', 'APLICA', 0),
	(2105552, 'MONDRAGON PALOMARES GILBERTO', 'OPERADOR C', 'TRANSPORTACION', 'APLICA', 1),
	(2105559, 'SANCHEZ GARCIA JUAN CARLOS', 'OPERADOR C', 'TRANSPORTACION', 'APLICA', 0),
	(2105565, 'URIAS MEDINA SANTIAGO', 'OPERADOR C', 'TRANSPORTACION', 'APLICA', 1),
	(2105602, 'GIL ZARAGOZA KATHIA', 'ANALISTA', 'MANTENIMIENTO', 'APLICA', 0),
	(2105604, 'MARTINEZ SOLAIZA LUIS ANGEL', 'ESPECIALISTA', 'RECURSOS HUMANOS', 'APLICA', 1),
	(2105606, 'QUIROZ SUALEZ EVELYN ANGELICA', 'IMPLANT', 'RELACIONES PUBLICAS', 'APLICA', 1),
	(2105611, 'ARCE CASTREJON JOSE', 'OPERADOR C', 'TRANSPORTACION', 'APLICA', 0),
	(2105612, 'ENCINES LOPEZ JOSE ALBERTO', 'OPERADOR C', 'TRANSPORTACION', 'APLICA', 0),
	(2105613, 'FLORES COLORADO JESUS', 'OPERADOR C', 'TRANSPORTACION', 'APLICA', 0),
	(2105614, 'FLORES ESCALERA JULIO ADRIAN', 'OPERADOR C', 'TRANSPORTACION', 'APLICA', 1),
	(2105616, 'OCAMPO JALLER JUAN', 'OPERADOR C', 'TRANSPORTACION', 'APLICA', 0),
	(2105667, 'ESPINOZA CISNEROS ARGENIS ALBERTO', 'COORDINADOR', 'COMBUSTIBLES', 'APLICA', 0),
	(2105675, 'ACU?A VARGAS FLAVIO ALEXIS', 'OPERADOR C', 'TRANSPORTACION', 'APLICA', 1),
	(2105676, 'AGUI?AGA MOLINA FERNANDO', 'OPERADOR C', 'TRANSPORTACION', 'APLICA', 0),
	(2105677, 'ARMIJO ROBLEDO ERNESTO', 'OPERADOR C', 'TRANSPORTACION', 'APLICA', 0),
	(2105679, 'CARRANZA PALENCIA VICTOR MANUEL', 'OPERADOR C', 'TRANSPORTACION', 'APLICA', 0),
	(2105680, 'GONZALEZ GUERRERO ANSELMO', 'OPERADOR C', 'TRANSPORTACION', 'APLICA', 1),
	(2105681, 'GONZALEZ MARIN EDUARDO', 'OPERADOR C', 'TRANSPORTACION', 'APLICA', 1),
	(2105682, 'ISLAVA MU?OZ EDGAR', 'OPERADOR C', 'TRANSPORTACION', 'APLICA', 0),
	(2105683, 'JACOBO ARANDA ALONSO', 'OPERADOR C', 'TRANSPORTACION', 'APLICA', 1),
	(2105684, 'JIMENEZ NAVARRO MARIA DE JESUS', 'OPERADOR C', 'TRANSPORTACION', 'APLICA', 1),
	(2105688, 'PEREZ ORTEGA ERICK DE JESUS', 'OPERADOR C', 'TRANSPORTACION', 'APLICA', 1),
	(2105689, 'ROMERO CASILLAS MARCO ANTONIO', 'OPERADOR C', 'TRANSPORTACION', 'APLICA', 0),
	(2105690, 'VILLEGAS ESTRADA CARLOS', 'OPERADOR C', 'TRANSPORTACION', 'APLICA', 0),
	(2105737, 'SALINAS X AARON GUADALUPE', 'DESPACHADOR', 'COMBUSTIBLES', 'APLICA', 1),
	(2105767, 'RODRIGUEZ CALDERON JONATHAN', 'ALMACENISTA', 'ALMACEN', 'APLICA', 0),
	(2105805, 'ALONSO JIMENEZ IVAN', 'OPERADOR C', 'TRANSPORTACION', 'APLICA', 1),
	(2105807, 'FRANCO NU?EZ JUAN', 'OPERADOR C', 'TRANSPORTACION', 'APLICA', 1),
	(2105809, 'QUI?ONEZ VALLE CARLOS DANIEL', 'OPERADOR C', 'TRANSPORTACION', 'APLICA', 0),
	(2105822, 'MELO MEJIA CESAR', 'INSTRUCTOR', 'CAPACITACION', 'APLICA', 1),
	(2105824, 'MARTINEZ RODRIGUEZ ABEL', 'ELECTRICO A', 'ELECTRICO', 'APLICA', 0),
	(2105842, 'PERALES ENRIQUEZ CRISTIAN ARTURO', 'COORDINADOR', 'COORDINACION', 'APLICA', 0),
	(2105867, 'CARRILLO MARTINEZ IVAN DE JESUS', 'OPERADOR C', 'TRANSPORTACION', 'APLICA', 0),
	(2105868, 'MATA SANCHEZ CESAR ABEL', 'OPERADOR C', 'TRANSPORTACION', 'APLICA', 0),
	(2105869, 'PONCE VAZQUEZ LUIS ALBERTO', 'OPERADOR C', 'TRANSPORTACION', 'APLICA', 0),
	(2105870, 'VILLANUEVA LOPEZ JESUS EDUARDO', 'OPERADOR C', 'TRANSPORTACION', 'APLICA', 1),
	(2105891, 'DUARTE PIMENTEL JUAN ANTONIO', 'OPERADOR C', 'TRANSPORTACION', 'APLICA', 1),
	(2105896, 'LOPEZ RODRIGUEZ RAUL', 'OPERADOR C', 'TRANSPORTACION', 'APLICA', 0),
	(2105897, 'HERNANDEZ CORTES LUIS ENRIQUE', 'OPERADOR C', 'TRANSPORTACION', 'APLICA', 0),
	(2105914, 'JUAREZ PANTOJA JAVIER', 'OPERADOR C', 'TRANSPORTACION', 'APLICA', 0),
	(2105916, 'VAZQUEZ HERNANDEZ SALVADOR', 'OPERADOR C', 'TRANSPORTACION', 'APLICA', 0),
	(2105917, 'ESCAMILLA GARCIA JUAN CARLOS', 'OPERADOR C', 'TRANSPORTACION', 'APLICA', 0),
	(2105932, 'RODRIGUEZ PEREZ MILGUER IRABEL', 'OPERADOR C', 'TRANSPORTACION', 'APLICA', 1),
	(2105933, 'CARBALLO OVANDO CLAUDIA MARIBEL', 'OPERADOR C', 'TRANSPORTACION', 'APLICA', 1),
	(2105934, 'ALVAREZ VILLEGAS AURELIO', 'OPERADOR C', 'TRANSPORTACION', 'APLICA', 1),
	(2105955, 'CRUZ JUAREZ CLARA DIGNA', 'DESPACHADOR', 'COMBUSTIBLES', 'APLICA', 1),
	(2105957, 'LOPEZ CHENG JOSE ANTONIO', 'ANALISTA', 'MANTENIMIENTO', 'APLICA', 1),
	(2105961, 'SANTOS ANTONIO CARLOS ANDRES', 'OPERADOR C', 'TRANSPORTACION', 'APLICA', 0),
	(2105962, 'SIERRA CUELLAR JOSE RAUL', 'COMPRADOR', 'COMPRAS', 'APLICA', 0),
	(2105963, 'VILLANUEVA MARTINEZ JUAN LUIS', 'OPERADOR C', 'TRANSPORTACION', 'APLICA', 1),
	(2105995, 'GOMEZ LEPE MIGUEL', 'OPERADOR C', 'TRANSPORTACION', 'APLICA', 1),
	(2105997, 'FLORES CARRILLO JAIRO', 'OPERADOR C', 'TRANSPORTACION', 'APLICA', 0),
	(2105998, 'GONZALEZ HERNANDEZ MANUEL ABRAHAM', 'OPERADOR C', 'TRANSPORTACION', 'APLICA', 1),
	(2106003, 'TOLENTINO AGUSTIN PEDRO EDGARDO', 'OPERADOR C', 'TRANSPORTACION', 'APLICA', 1),
	(2106004, 'HERNANDEZ HERNANDEZ JHONATAN', 'OPERADOR C', 'TRANSPORTACION', 'APLICA', 1),
	(2106015, 'CABALLERO TORRES EDUARDO ALEJANDRO', 'OPERADOR C', 'TRANSPORTACION', 'APLICA', 0),
	(2106018, 'GOMEZ ORTIZ MARGARITO', 'OPERADOR C', 'TRANSPORTACION', 'APLICA', 1),
	(2106019, 'GONZALEZ RINCON PABLO', 'OPERADOR C', 'TRANSPORTACION', 'APLICA', 1),
	(2106022, 'LOPEZ ESQUIVEL LUIS', 'OPERADOR C', 'TRANSPORTACION', 'APLICA', 0),
	(2106024, 'MARIN SUAREZ ANGEL', 'OPERADOR C', 'TRANSPORTACION', 'APLICA', 1),
	(2106025, 'PEREZ FIGUEROA URIAS', 'OPERADOR C', 'TRANSPORTACION', 'APLICA', 1),
	(2106027, 'TRUJILLO ARANDA DAVID', 'OPERADOR C', 'TRANSPORTACION', 'APLICA', 1),
	(2106054, 'ALBERTO CASTRO JULIO CESAR', 'OPERADOR C', 'TRANSPORTACION', 'APLICA', 1),
	(2106057, 'HERNANDEZ CARRILLO UZIEL', 'OPERADOR C', 'TRANSPORTACION', 'APLICA', 0),
	(2106060, 'PATRICIO MENDOZA IVAN', 'OPERADOR C', 'TRANSPORTACION', 'APLICA', 1),
	(2106065, 'RAMIREZ VIDAL MARGARITO', 'OPERADOR C', 'TRANSPORTACION', 'APLICA', 1),
	(2106068, 'GALLARDO VILLATORO MIGUEL', 'OPERADOR C', 'TRANSPORTACION', 'APLICA', 1),
	(2106077, 'OCHOA RIVERA JUAN CARLOS', 'JEFE', 'MANTENIMIENTO', 'APLICA', 1),
	(2106079, 'GALINDO MONARCA SAMUEL PEDRO', 'OPERADOR C', 'TRANSPORTACION', 'APLICA', 0),
	(2106080, 'GUERRERO GUTIERREZ GERARDO', 'JEFE', 'TRANSPORTACION', 'APLICA', 0),
	(2106081, 'VALENZUELA PACHECO JOSUE FRANCISCO', 'JEFE', 'TRANSPORTACION', 'APLICA', 1),
	(2106082, 'OROZCO PAULINO CARLOS ALBERTO', 'ELECTRICO B', 'ELECTRICO', 'APLICA', 0),
	(2106120, 'NU?EZ VERGARA CARLOS ENRIQUE', 'OPERADOR C', 'TRANSPORTACION', 'APLICA', 0),
	(2106122, 'CHAVARIN CHAVARIN TOMAS', 'OPERADOR C', 'TRANSPORTACION', 'APLICA', 1),
	(2106127, 'VELAZQUEZ COLIN YARSINIO', 'OPERADOR C', 'TRANSPORTACION', 'APLICA', 0),
	(2106128, 'CASTRO TUMALAN IVAN', 'OPERADOR C', 'TRANSPORTACION', 'APLICA', 1),
	(2106129, 'CONSTANTINO LAZARO CRUZ ALBERTO', 'OPERADOR C', 'TRANSPORTACION', 'APLICA', 1),
	(2106131, 'DIAZ HERRERA LUIS ALBERTO', 'OPERADOR C', 'TRANSPORTACION', 'NO RIFA', 0),
	(2106142, 'ALTAMIRANO RODAS EDUARDO JAVIER', 'OPERADOR C', 'TRANSPORTACION', 'APLICA', 0),
	(2106143, 'ALVAREZ CHAVEZ JUAN GABRIEL', 'OPERADOR C', 'TRANSPORTACION', 'APLICA', 0),
	(2106145, 'CARRILLO SAUCEDO ANDRES', 'OPERADOR C', 'TRANSPORTACION', 'APLICA', 0),
	(2106146, 'CORTEZ DE LA PORTILLA ABAD ZAIN', 'COORDINADOR', 'COORDINACION', 'APLICA', 0),
	(2106148, 'NAVARRO VILLEGAS ERNESTO ALFONSO', 'OPERADOR C', 'TRANSPORTACION', 'APLICA', 1),
	(2106169, 'BRAVO BARTOLON JOSE ANTONIO', 'OPERADOR C', 'TRANSPORTACION', 'APLICA', 1),
	(2106178, 'REYNOSA QUEBRADO ARMANDO', 'OPERADOR C', 'TRANSPORTACION', 'APLICA', 1),
	(2106179, 'ROMERO ESCOBAR AGUSTIN', 'OPERADOR C', 'TRANSPORTACION', 'APLICA', 0),
	(2106180, 'SALGADO CORTEZ JOSE LUIS', 'OPERADOR C', 'TRANSPORTACION', 'APLICA', 0),
	(2106181, 'VALENCIA AGUILAR JULIO CESAR', 'OPERADOR C', 'TRANSPORTACION', 'APLICA', 1),
	(2106185, 'PALACIOS MARIN JOSE ALEJANDRO', 'OPERADOR C', 'TRANSPORTACION', 'APLICA', 0),
	(2106205, 'AGUILAR ESCOBEDO MARCO ANTONIO', 'OPERADOR C', 'TRANSPORTACION', 'APLICA', 0),
	(2106206, 'SALAS WILSON GLADYS AZUCENA DEL SAGRARIO', 'ESPECIALISTA', 'ADMINISTRACION', 'APLICA', 0),
	(2106219, 'RODRIGUEZ CAMPOS JUAN DE DIOS', 'OPERADOR C', 'TRANSPORTACION', 'APLICA', 0),
	(2106244, 'GORGONIO RIVAS JUAN CARLOS', 'OPERADOR C', 'TRANSPORTACION', 'APLICA', 1),
	(2106245, 'GUEVARA BLANCO ALBERTO', 'OPERADOR C', 'TRANSPORTACION', 'APLICA', 1),
	(2106246, 'MUNDO JARERO SANTIAGO', 'OPERADOR C', 'TRANSPORTACION', 'APLICA', 0),
	(2106249, 'PEREZ RIOS ARTURO', 'OPERADOR C', 'TRANSPORTACION', 'APLICA', 0),
	(2106251, 'RODRIGUEZ QUIROZ FELIPE DE JESUS', 'OPERADOR C', 'TRANSPORTACION', 'APLICA', 0),
	(2106254, 'VILLA LIERA ELLONG YAEL', 'OPERADOR C', 'TRANSPORTACION', 'APLICA', 0),
	(2106256, 'SALDIVAR JIMENEZ DAVID', 'OPERADOR C', 'TRANSPORTACION', 'APLICA', 1),
	(2106258, 'RODRIGUEZ LOPEZ VICTOR MANUEL', 'OPERADOR C', 'TRANSPORTACION', 'APLICA', 1),
	(2106275, 'RAMIREZ BARRON LEOBARDO', 'SOLDADOR', 'MECANICA', 'APLICA', 1),
	(2106276, 'VAZQUEZ CELIS REYNA JOVITA', 'MONITORISTA', 'CABINA', 'APLICA', 0),
	(2106277, 'CELIS RAMIREZ VICTOR GERARDO', 'MONITORISTA', 'CABINA', 'APLICA', 0),
	(2106295, 'VALDIVIA FLORES ANGEL FRANCISCO', 'OPERADOR C', 'TRANSPORTACION', 'APLICA', 1),
	(2106296, 'ANGUIANO MAYA JESUS', 'OPERADOR C', 'TRANSPORTACION', 'APLICA', 0),
	(2106300, 'ZAMORA VALENZUELA FRANCISCO JAVIER', 'OPERADOR C', 'TRANSPORTACION', 'APLICA', 1),
	(2106302, 'LOPEZ RUIZ GERMAN', 'OPERADOR C', 'TRANSPORTACION', 'APLICA', 0),
	(2106304, 'ZAGAL TRUJILLO RUBEN', 'OPERADOR C', 'TRANSPORTACION', 'APLICA', 0),
	(2106305, 'CHINO GUZMAN FERNANDO', 'OPERADOR C', 'TRANSPORTACION', 'APLICA', 1),
	(2106308, 'CELIS LEON URIEL', 'OPERADOR C', 'TRANSPORTACION', 'APLICA', 0),
	(2106309, 'MENDOZA COBIAN JOSE JESUS ALBERTO', 'OPERADOR C', 'TRANSPORTACION', 'APLICA', 1),
	(2106329, 'FRANCO VELAZQUEZ JESUS GUILLERMO', 'OPERADOR C', 'TRANSPORTACION', 'APLICA', 1),
	(2106333, 'SOBERANES VALTIERRA GENARO', 'OPERADOR C', 'TRANSPORTACION', 'APLICA', 0),
	(2106334, 'ROSAS ABARCA ABRAHAM NOEL', 'OPERADOR C', 'TRANSPORTACION', 'APLICA', 0),
	(2106335, 'HEREDIA MALVAIZ JUAN MANUEL', 'OPERADOR C', 'TRANSPORTACION', 'APLICA', 0),
	(2106376, 'LOPEZ MONTOYA SONIA', 'IMPLANT', 'RELACIONES PUBLICAS', 'APLICA', 0),
	(2106377, 'MARTINEZ HERNANDEZ RICARDO', 'OPERADOR C', 'TRANSPORTACION', 'APLICA', 0),
	(2106379, 'NAJERA MORENO SANTOS', 'OPERADOR C', 'TRANSPORTACION', 'APLICA', 0),
	(2106380, 'OLAN RAMIREZ MARCOS', 'OPERADOR C', 'TRANSPORTACION', 'APLICA', 1),
	(2106381, 'PONCE CHAVARRIA RAUL', 'OPERADOR C', 'TRANSPORTACION', 'APLICA', 0),
	(2106382, 'RAMIREZ MARTINEZ JOSE JONATHAN', 'OPERADOR C', 'TRANSPORTACION', 'APLICA', 1),
	(2106383, 'RUIZ ESCAMILLA ANDREA', 'ASISTENTE', 'RELACIONES PUBLICAS', 'APLICA', 1),
	(2106384, 'SIBAJA GONZALEZ MODESTO', 'OPERADOR C', 'TRANSPORTACION', 'APLICA', 0),
	(2106398, 'ADAYA CABRERA FILIBERTO', 'INSTRUCTOR', 'CAPACITACION', 'APLICA', 0),
	(2106400, 'CAMPOS HERNANDEZ GARI ALBERTO', 'OPERADOR C', 'TRANSPORTACION', 'APLICA', 0),
	(2106401, 'CASTRO ALBARRAN ARCENIO', 'OPERADOR C', 'TRANSPORTACION', 'APLICA', 1),
	(2106404, 'GASTELUM MUNGARRO MARCOS ANTONIO', 'OPERADOR C', 'TRANSPORTACION', 'APLICA', 0),
	(2106408, 'RENTERIA ESPINOZA MARCO ANTONIO', 'OPERADOR C', 'TRANSPORTACION', 'APLICA', 0),
	(2106410, 'SERRANO OROZCO GUSTAVO', 'OPERADOR C', 'TRANSPORTACION', 'APLICA', 0),
	(2106411, 'BADILLO X CARLOS', 'OPERADOR C', 'TRANSPORTACION', 'APLICA', 1),
	(2106416, 'CASTRO MORENO NANCY VIRIDIANA', 'INSTRUCTOR', 'CAPACITACION', 'APLICA', 1),
	(2106422, 'OSUNA CISNEROS GONZALO', 'OPERADOR C', 'TRANSPORTACION', 'APLICA', 0),
	(2106449, 'AVALOS PEREZ JOSE ALBERTO', 'OPERADOR C', 'TRANSPORTACION', 'APLICA', 0),
	(2106512, 'ARMENDARIZ TEJEDA SANDRA MAGALI', 'ESPECIALISTA', 'RECURSOS HUMANOS', 'APLICA', 1),
	(2106513, 'ESTRADA MURILLO RUBY VIRIDIANA', 'COORDINADOR', 'MANTENIMIENTO', 'APLICA', 0),
	(2106515, 'JARA GUERRERO JORGE', 'COORDINADOR', 'COORDINACION', 'APLICA', 0),
	(2106551, 'SALAZAR MONTOYA OSCAR BENJAMIN', 'OPERADOR C', 'TRANSPORTACION', 'APLICA', 0),
	(2106572, 'ALVAREZ CHAVEZ MARTIN', 'OPERADOR C', 'TRANSPORTACION', 'APLICA', 1),
	(2106577, 'SILVA HERNANDEZ JAIME', 'OPERADOR C', 'TRANSPORTACION', 'APLICA', 1),
	(2106578, 'SOSA GAXIOLA RONIE', 'OPERADOR C', 'TRANSPORTACION', 'APLICA', 0),
	(2106591, 'FELIX MONTES DE OCA RAUL', 'OPERADOR C', 'TRANSPORTACION', 'APLICA', 1),
	(2106592, 'FLORES DELGADO JUAN', 'OPERADOR C', 'TRANSPORTACION', 'APLICA', 0),
	(2106593, 'HERNANDEZ COELLO ROBERTO CARLOS', 'OPERADOR C', 'TRANSPORTACION', 'APLICA', 0),
	(2106595, 'JIMENEZ NAVARRO JESUS JAVIER', 'OPERADOR C', 'TRANSPORTACION', 'APLICA', 0),
	(2106618, 'PADILLA MEDINA ARACELI', 'AUXILIAR', 'ADMINISTRACION', 'APLICA', 0),
	(2106620, 'HURTADO TORRES MARIO', 'GERENTE', 'TRANSPORTACION', 'NO RIFA', 1),
	(2106634, 'FLORES GARDU?O VICTOR MANUEL', 'OPERADOR C', 'TRANSPORTACION', 'APLICA', 0),
	(2106635, 'GOMEZ GARCIA ELEAZAR', 'OPERADOR C', 'TRANSPORTACION', 'APLICA', 1),
	(2106636, 'GONZALEZ ARRIOLA GABRIEL', 'OPERADOR C', 'TRANSPORTACION', 'APLICA', 1),
	(2106637, 'HOYOS HERNANDEZ JOSE ANTONIO', 'OPERADOR C', 'TRANSPORTACION', 'APLICA', 1),
	(2106638, 'LOPEZ GARCIA ALONZO', 'OPERADOR C', 'TRANSPORTACION', 'APLICA', 0),
	(2106639, 'LOPEZ GARCIA EDUARDO', 'OPERADOR C', 'TRANSPORTACION', 'APLICA', 1),
	(2106640, 'LOPEZ REYES MIGUEL EVERARDO', 'OPERADOR C', 'TRANSPORTACION', 'APLICA', 1),
	(2106641, 'YANES PASTRANA RAFAEL', 'OPERADOR C', 'TRANSPORTACION', 'APLICA', 1),
	(2106670, 'CORONA BELTRAN LUIS EDGAR', 'OPERADOR C', 'TRANSPORTACION', 'APLICA', 1),
	(2106671, 'FEBLES VILLA ROLANDO', 'OPERADOR C', 'TRANSPORTACION', 'APLICA', 0),
	(2106672, 'GONZALEZ AGUILAR CRISTO ANTONIO', 'OPERADOR C', 'TRANSPORTACION', 'APLICA', 0),
	(2106673, 'RIVERA JAKSON WILLIAMS', 'OPERADOR C', 'TRANSPORTACION', 'APLICA', 0),
	(2106683, 'DEL REAL VELAZQUEZ ALINA ROCIO', 'MONITORISTA', 'CABINA', 'APLICA', 0),
	(2106684, 'PEREZ SALAZAR JOSE GUADALUPE', 'COORDINADOR', 'COORDINACION', 'APLICA', 1),
	(2106685, 'RUIZ GUZMAN ROBERTO', 'ALMACENISTA', 'ALMACEN', 'APLICA', 0),
	(2106686, 'SILLER GALINDO CATALINA', 'EJECUTIVO', 'RELACIONES PUBLICAS', 'APLICA', 0),
	(2106698, 'ARELLANO GARCIA JAHZEEL', 'GERENTE', 'PLANEACION Y LOGISTICA', 'NO RIFA', 1),
	(2106717, 'MU?OZ FERNANDEZ DANIEL APOLINAR', 'OPERADOR C', 'TRANSPORTACION', 'APLICA', 1),
	(2106718, 'VAZQUEZ ROBLERO FILIBERTO', 'CARROCERO B', 'CARROCERIA', 'APLICA', 0),
	(2106726, 'MURILLO CASILLAS RAUL', 'OPERADOR C', 'TRANSPORTACION', 'APLICA', 1),
	(2106759, 'BARBOSA MARTINEZ MARTIN CUAUHTEMOC', 'OPERADOR C', 'TRANSPORTACION', 'APLICA', 0),
	(2106762, 'PINEDA GOMEZ LUIS ANTONIO', 'OPERADOR C', 'TRANSPORTACION', 'APLICA', 1),
	(2106764, 'VALLE MARTINEZ JESUS MARTIN', 'OPERADOR C', 'TRANSPORTACION', 'APLICA', 1),
	(2106789, 'VERDUGO OTA?EZ FRANCISCO JAVIER', 'AUDITOR', 'ADMON. Y PROYECTOS DE MEJORA', 'APLICA', 0),
	(2106790, 'CAMPOS PADRON ALFREDO', 'COORDINADOR', 'COORDINACION', 'APLICA', 1),
	(2106827, 'CRUZ ARREDONDO RENE DANIEL', 'OPERADOR C', 'TRANSPORTACION', 'APLICA', 0),
	(2106828, 'GABRIEL JIMENEZ JUAN MIGUEL', 'OPERADOR C', 'TRANSPORTACION', 'APLICA', 0),
	(2106829, 'OVALLE TENORIO CELSO VICENTE', 'OPERADOR C', 'TRANSPORTACION', 'APLICA', 0),
	(2106831, 'RIVERA HERNANDEZ ROBERTO CARLOS', 'OPERADOR C', 'TRANSPORTACION', 'APLICA', 0),
	(2106832, 'SALAZAR TORRES JOSE LUIS', 'OPERADOR C', 'TRANSPORTACION', 'APLICA', 0),
	(2106833, 'SANCHEZ GARCIA JORGE LUIS', 'OPERADOR C', 'TRANSPORTACION', 'APLICA', 1),
	(2106834, 'SANCHEZ MENDEZ GUILLERMO', 'OPERADOR C', 'TRANSPORTACION', 'APLICA', 0),
	(2106835, 'SANTOS VELASCO MIGUEL ANGEL', 'OPERADOR C', 'TRANSPORTACION', 'APLICA', 0),
	(2106880, 'JIMENEZ TEJEDA JOB', 'INSTRUCTOR', 'CAPACITACION', 'APLICA', 1),
	(2106881, 'NAVA ALMAZAN MARIANA', 'AUXILIAR', 'RECURSOS HUMANOS', 'APLICA', 1),
	(2106955, 'CASTA?EDA RIVERA EBER OSEAS', 'OPERADOR C', 'TRANSPORTACION', 'APLICA', 0),
	(2106956, 'HERNANDEZ PERALTA LUIS ANTONIO', 'OPERADOR C', 'TRANSPORTACION', 'APLICA', 1),
	(2106960, 'ROMERO SOTO JAILIT ALEXIS', 'OPERADOR C', 'TRANSPORTACION', 'APLICA', 0),
	(2106961, 'GUTIERREZ ANALCO ANGEL BRYAN', 'OPERADOR C', 'TRANSPORTACION', 'APLICA', 1),
	(2106962, 'CASTRO PALACIOS ROBERTO', 'OPERADOR C', 'TRANSPORTACION', 'APLICA', 0),
	(2106979, 'OCHOA NAVARRO MARLI', 'AUXILIAR', 'ADMINISTRACION', 'APLICA', 0),
	(2106980, 'PEREZ PEREZ JULIO CESAR', 'DESPACHADOR', 'COMBUSTIBLES', 'APLICA', 0),
	(2106990, 'JACOBO ZAZUETA CRUZ FERNANDO', 'OPERADOR C', 'TRANSPORTACION', 'APLICA', 1),
	(2106993, 'LOPEZ FARIA CESAR AUGUSTO', 'OPERADOR C', 'TRANSPORTACION', 'APLICA', 1),
	(2107015, 'MORENO ALVARADO FELIPE DE JESUS', 'OPERADOR C', 'TRANSPORTACION', 'APLICA', 1),
	(2107016, 'HERNANDEZ GARZON SAMUEL', 'OPERADOR C', 'TRANSPORTACION', 'APLICA', 0),
	(2107017, 'ANG LEE CARLOS ALBERTO', 'OPERADOR C', 'TRANSPORTACION', 'APLICA', 1),
	(2107021, 'FLORES ARIAS MARIA DEL ROSARIO', 'OPERADOR C', 'TRANSPORTACION', 'APLICA', 0),
	(2107023, 'GUZMAN ESPARZA FRANCISCO JAVIER', 'OPERADOR C', 'TRANSPORTACION', 'APLICA', 0),
	(2107044, 'HERNANDEZ VERGARA JESUS JOSE', 'MONITORISTA', 'CABINA', 'APLICA', 0),
	(2107045, 'GARCIA PEREZ JOSE ANDRES', 'MONITORISTA', 'CABINA', 'APLICA', 1),
	(2107068, 'RAMOS GONZALEZ GUILLERMO', 'OPERADOR C', 'TRANSPORTACION', 'APLICA', 1),
	(2107070, 'SANCHEZ CASTRO JOSE MIGUEL', 'OPERADOR C', 'TRANSPORTACION', 'APLICA', 0),
	(2107071, 'TRUJILLO DORADO ROBERTO', 'OPERADOR C', 'TRANSPORTACION', 'APLICA', 0),
	(2107072, 'VALADEZ TEJADA IVAN', 'OPERADOR C', 'TRANSPORTACION', 'APLICA', 0),
	(2107074, 'VERDUGO GODINEZ DOMINGO', 'OPERADOR C', 'TRANSPORTACION', 'APLICA', 1),
	(2107101, 'GONZALEZ CARO CARLOS ALBERTO', 'MECANICO A', 'MECANICA', 'APLICA', 0),
	(2107102, 'CORTES NIETO HUGO ALBERTO', 'OPERADOR C', 'TRANSPORTACION', 'APLICA', 1),
	(2107103, 'GARCIA SUAREZ BRYAN', 'OPERADOR C', 'TRANSPORTACION', 'APLICA', 1),
	(2107104, 'GIL FAJARDO JOSE GUADALUPE', 'OPERADOR C', 'TRANSPORTACION', 'APLICA', 1),
	(2107105, 'PATLAN TORRES DANIEL', 'OPERADOR C', 'TRANSPORTACION', 'APLICA', 1),
	(2107107, 'HERRERA RAMIREZ JAVIER EMILIO', 'OPERADOR C', 'TRANSPORTACION', 'APLICA', 0),
	(2107108, 'LOPEZ BARRIOS EMETERIO', 'OPERADOR C', 'TRANSPORTACION', 'APLICA', 0),
	(2107111, 'RODRIGUEZ SILVAS RAUL', 'OPERADOR C', 'TRANSPORTACION', 'APLICA', 1),
	(2107112, 'SOLIS MORENO HUMBERTO', 'OPERADOR C', 'TRANSPORTACION', 'APLICA', 0),
	(2107113, 'VERA GARCIA ANGEL RAUL', 'OPERADOR C', 'TRANSPORTACION', 'APLICA', 0),
	(2107146, 'CAMARILLO SANCHEZ JESUS', 'OPERADOR C', 'TRANSPORTACION', 'APLICA', 0),
	(2107149, 'HERNANDEZ VILLANUEVA CRISTIAN JOHECEL', 'OPERADOR C', 'TRANSPORTACION', 'APLICA', 1),
	(2107151, 'RODRIGUEZ CORREA JORGE LUIS', 'OPERADOR C', 'TRANSPORTACION', 'APLICA', 0),
	(2107152, 'SANTANA REBOLLO BENJAMIN', 'OPERADOR C', 'TRANSPORTACION', 'APLICA', 0),
	(2107154, 'SOLIS FIGUEROA JORGE', 'OPERADOR C', 'TRANSPORTACION', 'APLICA', 0),
	(2107155, 'SPENCER MENDEZ OBED', 'COORDINADOR', 'COORDINACION', 'APLICA', 0),
	(2107168, 'ARCINIEGA ANTONIO JOSE BENIGNO', 'OPERADOR C', 'TRANSPORTACION', 'APLICA', 0),
	(2107169, 'CAZARES RIVERA DESIDERIO', 'OPERADOR C', 'TRANSPORTACION', 'APLICA', 0),
	(2107170, 'RAMOS MENDOZA OSCAR', 'OPERADOR C', 'TRANSPORTACION', 'APLICA', 1),
	(2107171, 'SANTIAGO RAMIREZ ANGEL DANIEL', 'OPERADOR C', 'TRANSPORTACION', 'APLICA', 1),
	(2107186, 'CANELA CHAVEZ JOSE FRANCISCO', 'OPERADOR C', 'TRANSPORTACION', 'APLICA', 0),
	(2107203, 'BRICE?O GARCIA RAUL RENE', 'OPERADOR C', 'TRANSPORTACION', 'APLICA', 1),
	(2107206, 'FLORES VELAZQUEZ JOSE EDUARDO', 'OPERADOR C', 'TRANSPORTACION', 'APLICA', 0),
	(2107207, 'GONZAGA GUZMAN ELIAS DANIEL', 'OPERADOR C', 'TRANSPORTACION', 'APLICA', 0),
	(2107208, 'HERNANDEZ RUBIO JUVENAL', 'OPERADOR C', 'TRANSPORTACION', 'APLICA', 0),
	(2107209, 'LOPEZ SEGURA OSCAR', 'OPERADOR C', 'TRANSPORTACION', 'APLICA', 1),
	(2107245, 'HERNANDEZ MENDIETA REY DAVID', 'OPERADOR C', 'TRANSPORTACION', 'APLICA', 1),
	(2107246, 'HUERTA RAMOS CARLOS DIEGO', 'OPERADOR C', 'TRANSPORTACION', 'APLICA', 0),
	(2107247, 'JIMENEZ ANTUNEZ SALVADOR', 'OPERADOR C', 'TRANSPORTACION', 'APLICA', 1),
	(2107248, 'MARTINEZ HERNANDEZ FRANCISCO JAVIER', 'CHOFER', 'ADMINISTRACION', 'APLICA', 1),
	(2107249, 'MARTINEZ LOPEZ LUIS RAUL', 'OPERADOR C', 'TRANSPORTACION', 'APLICA', 0),
	(2107250, 'OLIVARES GONZALEZ ENRIQUE', 'OPERADOR C', 'TRANSPORTACION', 'APLICA', 0),
	(2107252, 'RUIZ TORRES FELIPE DE JESUS', 'OPERADOR C', 'TRANSPORTACION', 'APLICA', 0),
	(2107254, 'PUENTE CARMONA SERGIO ALBERTO', 'DESPACHADOR', 'COMBUSTIBLES', 'APLICA', 0),
	(2107259, 'ROMERO TOVAR SILVESTRE RICARDO', 'COORDINADOR', 'TECNOLOGIA DE LA INFORMACION', 'APLICA', 0),
	(2107260, 'CARRE?O PEREZ SULEYMA', 'COORDINADOR', 'COORDINACION', 'APLICA', 1),
	(2107266, 'CARRILLO FLORES RICARDO', 'OPERADOR C', 'TRANSPORTACION', 'APLICA', 1),
	(2107267, 'ESCALANTE RUIZ JESUS GUADALUPE', 'OPERADOR C', 'TRANSPORTACION', 'APLICA', 1),
	(2107268, 'GONZALEZ ARRIOLA JOSE ALBERTO', 'OPERADOR C', 'TRANSPORTACION', 'APLICA', 1),
	(2107269, 'GUZMAN GONZALEZ MAURICIO', 'OPERADOR C', 'TRANSPORTACION', 'APLICA', 1),
	(2107271, 'SUAREZ RUIZ JAIME', 'OPERADOR C', 'TRANSPORTACION', 'APLICA', 0),
	(2107272, 'TRINIDAD DEL CARPIO JOSE ARLEY', 'OPERADOR C', 'TRANSPORTACION', 'APLICA', 1),
	(2107283, 'GUZMAN CONTRERAS PATRICK WILLIAM', 'OPERADOR C', 'TRANSPORTACION', 'APLICA', 0),
	(2107284, 'LARA MARTINEZ GABRIEL', 'OPERADOR C', 'TRANSPORTACION', 'APLICA', 1),
	(2107285, 'LEON ESTRADA GILBERTO EDEL', 'OPERADOR C', 'TRANSPORTACION', 'APLICA', 0),
	(2107286, 'LEON HERNANDEZ SERGIO', 'OPERADOR C', 'TRANSPORTACION', 'APLICA', 0),
	(2107287, 'MALDONADO ALFONSIN ROMAN', 'OPERADOR C', 'TRANSPORTACION', 'APLICA', 0),
	(2107289, 'PALACIOS BOLA?OS JUAN CARLOS', 'OPERADOR C', 'TRANSPORTACION', 'APLICA', 1),
	(2107290, 'PAZ SOTO DANIEL', 'OPERADOR C', 'TRANSPORTACION', 'APLICA', 1),
	(2107291, 'QUINTERO AMADO ALBERTO GUADALUPE', 'OPERADOR C', 'TRANSPORTACION', 'APLICA', 0),
	(2107292, 'SALGADO VALENZUELA DARIO', 'OPERADOR C', 'TRANSPORTACION', 'APLICA', 0),
	(2107293, 'SALVADOR FELICIANO JAVIER', 'OPERADOR C', 'TRANSPORTACION', 'APLICA', 0),
	(2107294, 'SERNA ORTIZ BRAYAN', 'OPERADOR C', 'TRANSPORTACION', 'APLICA', 0),
	(2107295, 'VALENZUELA MARINI LUIS ALFONSO', 'OPERADOR C', 'TRANSPORTACION', 'APLICA', 1),
	(2107296, 'X GARCIA JOSE ANGEL', 'OPERADOR C', 'TRANSPORTACION', 'APLICA', 0),
	(2107311, 'CARRE?O GARCIA VICTOR ISAEL', 'OPERADOR C', 'TRANSPORTACION', 'APLICA', 0),
	(2107312, 'CASTRO HERNANDEZ JUAN JOSE', 'OPERADOR C', 'TRANSPORTACION', 'APLICA', 0),
	(2107314, 'CORDOVA RENDON ANDRES NAUM', 'OPERADOR C', 'TRANSPORTACION', 'APLICA', 0),
	(2107315, 'DAVILA HURTADO ALEJANDRO', 'OPERADOR C', 'TRANSPORTACION', 'APLICA', 0),
	(2107316, 'GALVAN PIMENTEL ALVARO', 'OPERADOR C', 'TRANSPORTACION', 'APLICA', 1),
	(2107317, 'GARCIA PASCUAL JUAN CARLOS', 'OPERADOR C', 'TRANSPORTACION', 'APLICA', 0),
	(2107318, 'GARCIA PEREZ ANDREY', 'OPERADOR C', 'TRANSPORTACION', 'APLICA', 1),
	(2107320, 'HIGUERA HERNANDEZ ADRIAN PAULINO', 'OPERADOR C', 'TRANSPORTACION', 'APLICA', 0),
	(2107322, 'MARTINEZ SANTIAGO JUAN ANTONIO', 'OPERADOR C', 'TRANSPORTACION', 'APLICA', 1),
	(2107324, 'SALQUIL SOLIS ANTONIO', 'OPERADOR C', 'TRANSPORTACION', 'APLICA', 0),
	(2107346, 'RAMIREZ GOMEZ JUAN JOSE', 'COORDINADOR', 'COORDINACION', 'APLICA', 0),
	(2107347, 'DE LA TORRE BEDOYA MELANIE VIANEY', 'IMPLANT', 'RELACIONES PUBLICAS', 'APLICA', 1),
	(2107359, 'DEL VALLE DE LOS SANTOS CARLOS', 'CARROCERO B', 'CARROCERIA', 'APLICA', 0),
	(2107361, 'RUELAS ALVAREZ JOSE ALFREDO', 'COORDINADOR', 'TECNOLOGIA DE LA INFORMACION', 'APLICA', 1),
	(2107369, 'ARVAYO FRANCO FRANCISCO RAFAEL', 'OPERADOR C', 'TRANSPORTACION', 'APLICA', 1),
	(2107370, 'ESPINOSA VEGA MARCO ANTONIO', 'OPERADOR C', 'TRANSPORTACION', 'APLICA', 0),
	(2107371, 'GARCIA MUNGUIA ARTURO', 'OPERADOR C', 'TRANSPORTACION', 'APLICA', 1),
	(2107372, 'GONZALEZ ALANIZ ANTONIO', 'OPERADOR C', 'TRANSPORTACION', 'APLICA', 0),
	(2107373, 'GORDIANO GARCIA ALEJANDRO', 'OPERADOR C', 'TRANSPORTACION', 'APLICA', 0),
	(2107374, 'MARTINEZ NAVARRETE JUAN AUSENCIO', 'OPERADOR C', 'TRANSPORTACION', 'APLICA', 0),
	(2107375, 'PARRA HERNANDEZ JASIEL ALEJO', 'OPERADOR C', 'TRANSPORTACION', 'APLICA', 1),
	(2107376, 'SOPE?A SANTOS EDGAR', 'OPERADOR C', 'TRANSPORTACION', 'APLICA', 0),
	(2107391, 'FAUSTO TEXTA OLIVER YAEL', 'OPERADOR C', 'TRANSPORTACION', 'APLICA', 0),
	(2107392, 'ALVAREZ ANTUNES ALFREDO ALDAHIR', 'OPERADOR C', 'TRANSPORTACION', 'APLICA', 0),
	(2107393, 'MENDIVIL GARCIA JOSE ROSARIO', 'LLANTERO', 'LLANTAS', 'APLICA', 0),
	(2107403, 'FAUSTO TEXTA ALDO ALLAN', 'OPERADOR C', 'TRANSPORTACION', 'APLICA', 0),
	(2107409, 'ANTUNEZ VALLADARES GERARDO', 'OPERADOR C', 'TRANSPORTACION', 'APLICA', 0),
	(2107410, 'BARRETO RUBIO ADRIAN CECILIO', 'OPERADOR C', 'TRANSPORTACION', 'APLICA', 0),
	(2107411, 'BECERRA MONDRAGON RUBEN MISAEL', 'OPERADOR C', 'TRANSPORTACION', 'APLICA', 0),
	(2107412, 'CHAVEZ CHIMEO JORGE', 'OPERADOR C', 'TRANSPORTACION', 'APLICA', 0),
	(2107413, 'FLORES JACOB JAVIER', 'OPERADOR C', 'TRANSPORTACION', 'APLICA', 1),
	(2107414, 'GIL VILCHIS MIGUEL ANGEL', 'OPERADOR C', 'TRANSPORTACION', 'APLICA', 0),
	(2107415, 'GILDO MARIANO MARCO ANTONIO', 'OPERADOR C', 'TRANSPORTACION', 'APLICA', 0),
	(2107416, 'GOMEZ FERNANDEZ GERONIMO', 'OPERADOR C', 'TRANSPORTACION', 'APLICA', 0),
	(2107417, 'LOPEZ BUSTAMANTE JAHAZIEL', 'OPERADOR C', 'TRANSPORTACION', 'APLICA', 0),
	(2107418, 'MEDINA LIZARDE DAVID FERNANDO', 'OPERADOR C', 'TRANSPORTACION', 'APLICA', 0),
	(2107419, 'MOLINA BADILLO ERIBERTO', 'OPERADOR C', 'TRANSPORTACION', 'APLICA', 0),
	(2107421, 'URDAPILLETA MU?IZ VICTOR HUGO', 'OPERADOR C', 'TRANSPORTACION', 'APLICA', 0),
	(2107429, 'CRUZ CASANGO ALEXIS YOSELIN', 'MONITORISTA', 'CABINA', 'APLICA', 0),
	(2107430, 'SEVILLANO RUIZ AIRALIH AIME', 'IMPLANT', 'RELACIONES PUBLICAS', 'APLICA', 1),
	(2107431, 'SUAREZ VINALAY LUIS JAVIER', 'MONITORISTA', 'CABINA', 'APLICA', 1),
	(2107495, 'ALVARADO ESQUIVEL SALVADOR', 'OPERADOR C', 'TRANSPORTACION', 'APLICA', 1),
	(2107496, 'AMADOR HERNANDEZ GUSTAVO', 'OPERADOR C', 'TRANSPORTACION', 'APLICA', 1),
	(2107497, 'ANTUNEZ VALLADARES JOSE DAVID', 'OPERADOR C', 'TRANSPORTACION', 'APLICA', 0),
	(2107499, 'CAMACHO MATHEY JORGE', 'OPERADOR C', 'TRANSPORTACION', 'APLICA', 0),
	(2107500, 'CANEPA ALVAREZ ERNESTO', 'OPERADOR C', 'TRANSPORTACION', 'APLICA', 1),
	(2107501, 'CASTRO ESTRADA NESTOR LUCIANO', 'OPERADOR C', 'TRANSPORTACION', 'APLICA', 0),
	(2107502, 'FLORES PERALTA NOE', 'OPERADOR C', 'TRANSPORTACION', 'APLICA', 1),
	(2107503, 'GAITAN GUERRERO FILIBERTO', 'OPERADOR C', 'TRANSPORTACION', 'APLICA', 0),
	(2107504, 'MONROY MARTINEZ DAVID', 'OPERADOR C', 'TRANSPORTACION', 'APLICA', 0),
	(2107505, 'ORDU?O JIMENEZ IVAN ALONSO', 'OPERADOR C', 'TRANSPORTACION', 'APLICA', 0),
	(2107507, 'REYES HERNANDEZ SEBASTIAN', 'OPERADOR C', 'TRANSPORTACION', 'APLICA', 0),
	(2107508, 'REYES MARIN MAURICIO', 'OPERADOR C', 'TRANSPORTACION', 'APLICA', 1),
	(2107509, 'SOLIS BOJORQUEZ JOSE ANASTACIO', 'OPERADOR C', 'TRANSPORTACION', 'APLICA', 0),
	(2107510, 'UCAN LEON REYNALDO ANTONIO', 'OPERADOR C', 'TRANSPORTACION', 'APLICA', 1),
	(2107511, 'VAZQUEZ ALFARO MARCELINO', 'OPERADOR C', 'TRANSPORTACION', 'APLICA', 0),
	(2107512, 'VELAZQUEZ NAVARRO YIMMI', 'OPERADOR C', 'TRANSPORTACION', 'APLICA', 0),
	(2107531, 'CAMPOS CAMACHO KARLA YURIDIA', 'EJECUTIVO', 'RELACIONES PUBLICAS', 'NO RIFA', 0),
	(2107532, 'SIERRA GUERRERO ALEJANDRO DANIEL', 'COORDINADOR', 'CABINA', 'NO RIFA', 0),
	(2107533, 'URIBE MARTINEZ ANGELA GUADALUPE', 'MONITORISTA', 'CABINA', 'NO RIFA', 0),
	(2107534, 'ZARAGOZA PONCE JOSE BRANDON', 'MONITORISTA', 'CABINA', 'NO RIFA', 0),
	(2107557, 'CARVAJAL LOZANO JUAN RICARDO', 'CARROCERO A', 'CARROCERIA', 'NO RIFA', 0),
	(2107558, 'ARGUELLES RABAGO LUIS MIGUEL', 'MECANICO A', 'MECANICA', 'NO RIFA', 1),
	(2107568, 'AMEZCUA SANCHEZ MARCO ISRAEL', 'OPERADOR C', 'TRANSPORTACION', 'NO RIFA', 0),
	(2107569, 'BIELMA GARCIA ANTONIO', 'OPERADOR C', 'TRANSPORTACION', 'NO RIFA', 0),
	(2107570, 'CAMPOS SILVA MARIA GUADALUPE', 'OPERADOR C', 'TRANSPORTACION', 'NO RIFA', 0),
	(2107571, 'DE LOS REYES QUINTERO VICTOR ALAN', 'OPERADOR C', 'TRANSPORTACION', 'NO RIFA', 0),
	(2107573, 'MU?OZ RAMOS MARCOS ISAAC', 'OPERADOR C', 'TRANSPORTACION', 'NO RIFA', 0),
	(2107574, 'PALMA SILVA JEAN PIERRE', 'OPERADOR C', 'TRANSPORTACION', 'NO RIFA', 0),
	(2107575, 'RAMIREZ SANTOS ISAURO FERNANDO', 'OPERADOR C', 'TRANSPORTACION', 'NO RIFA', 1),
	(2107576, 'SANCHEZ RUIZ JAIME', 'OPERADOR C', 'TRANSPORTACION', 'NO RIFA', 0),
	(2107577, 'VAZQUEZ ANGEL LUIS ALBERTO', 'OPERADOR C', 'TRANSPORTACION', 'NO RIFA', 0),
	(2107578, 'GOMEZ QUEVEDO JAIR', 'OPERADOR C', 'TRANSPORTACION', 'NO RIFA', 0),
	(2107581, 'ENRIQUEZ GALVAN ROGELIO', 'CARROCERO A', 'MANTENIMIENTO', 'NO RIFA', 0),
	(2107593, 'GARCIA MORALES JOSE LUIS', 'OPERADOR C', 'TRANSPORTACION', 'NO RIFA', 1),
	(2107599, 'CARDENAS RINCON KARINA JANETH', 'MONITORISTA', 'CABINA', 'NO RIFA', 0),
	(2107600, 'JIMENEZ LANDEY JONATHAN DANIEL', 'MONITORISTA', 'CABINA', 'NO RIFA', 1),
	(2107601, 'LOPEZ CHENG JONATHAN', 'ALMACENISTA', 'ALMACEN', 'NO RIFA', 1),
	(2107602, 'RAMIREZ GARCIA FRANCISCO IGNACIO', 'DESPACHADOR', 'COMBUSTIBLES', 'NO RIFA', 0),
	(2107619, 'ANGULO MONTOYA JESUS RICARDO', 'COORDINADOR', 'COORDINACION', 'NO RIFA', 0),
	(2107620, 'DAVIS ESTRADA ERNESTO DE JESUS', 'COORDINADOR', 'COORDINACION', 'NO RIFA', 0),
	(2107621, 'HUERTA RUELAS VERONICA YURIANA', 'COORDINADOR', 'COORDINACION', 'NO RIFA', 0),
	(2107636, 'BAZAN MARCELO JULIO', 'CARROCERO A', 'CARROCERIA', 'NO RIFA', 1),
	(2107640, 'AGUIRRE JAIMES IGNACIO DAVID', 'OPERADOR C', 'TRANSPORTACION', 'NO RIFA', 0),
	(2107641, 'CRUZ LOPEZ JESUS', 'OPERADOR C', 'TRANSPORTACION', 'NO RIFA', 0),
	(2107642, 'GARCIA SOTO LUIS MIGUEL', 'OPERADOR C', 'TRANSPORTACION', 'NO RIFA', 0),
	(2107643, 'HURTADO NAVARRO JAVIER', 'OPERADOR C', 'TRANSPORTACION', 'NO RIFA', 1),
	(2107644, 'LOPEZ GARCIA JOSE MANUEL', 'OPERADOR C', 'TRANSPORTACION', 'NO RIFA', 1),
	(2107654, 'ALBERTO CASTRO JOSE MANUEL', 'OPERADOR C', 'TRANSPORTACION', 'NO RIFA', 1),
	(2107657, 'GABRIEL BARTOLON LUIS EDUARDO', 'OPERADOR C', 'TRANSPORTACION', 'NO RIFA', 0),
	(2107658, 'GARCIA DIAZ PEDRO', 'OPERADOR C', 'TRANSPORTACION', 'NO RIFA', 0),
	(2107659, 'GASTELUM GURROLA IVAN ANTONIO', 'OPERADOR C', 'TRANSPORTACION', 'NO RIFA', 1),
	(2107660, 'GAXIOLA LEAL LUIS EDUARDO', 'OPERADOR C', 'TRANSPORTACION', 'NO RIFA', 1),
	(2107661, 'LARA X ADALBERTO', 'OPERADOR C', 'TRANSPORTACION', 'NO RIFA', 0),
	(2107662, 'LOPEZ OCAMPO RAYMUNDO', 'OPERADOR C', 'TRANSPORTACION', 'NO RIFA', 0),
	(2107663, 'MAYEN GUTIERREZ MIGUEL ANGEL', 'OPERADOR C', 'TRANSPORTACION', 'NO RIFA', 0),
	(2107664, 'PEREZ VALDEZ CESAR', 'OPERADOR C', 'TRANSPORTACION', 'NO RIFA', 0),
	(2107665, 'RIVERA VOTTE JOSE GABRIEL', 'OPERADOR C', 'TRANSPORTACION', 'NO RIFA', 1),
	(2107666, 'ROSAS HERNANDEZ MIGUEL ANGEL', 'OPERADOR C', 'TRANSPORTACION', 'NO RIFA', 0),
	(2107680, 'CRUZ FABIAN MIGUEL ANGEL', 'OPERADOR C', 'TRANSPORTACION', 'NO RIFA', 0),
	(2107681, 'ESPINOSA ANTONIO JOSE FRANCISCO', 'OPERADOR C', 'TRANSPORTACION', 'NO RIFA', 0),
	(2107682, 'LOZANO FLORES LUIS ARMANDO', 'OPERADOR C', 'TRANSPORTACION', 'NO RIFA', 0),
	(2107683, 'ROJAS TORRES JOSE LUIS', 'OPERADOR C', 'TRANSPORTACION', 'NO RIFA', 1),
	(2107684, 'VARGAS HERNANDEZ GUSTAVO', 'OPERADOR C', 'TRANSPORTACION', 'NO RIFA', 1),
	(2107685, 'ACEVES PALACIOS TERESA', 'ESPECIALISTA', 'ADMINISTRACION', 'NO RIFA', 1),
	(2107686, 'FLORES PEREZ ELIEZER', 'ALMACENISTA', 'ALMACEN', 'NO RIFA', 1),
	(2107687, 'ROJERO ESPINOZA JENNI MARLEN', 'DESPACHADOR', 'COMBUSTIBLES', 'NO RIFA', 0),
	(2107688, 'TREVI?O X JESUS ALEJANDRO', 'OPERADOR C', 'TRANSPORTACION', 'NO RIFA', 0),
	(2107690, 'GARCIA BENITEZ ENRIQUE', 'OPERADOR C', 'TRANSPORTACION', 'NO RIFA', 0),
	(2107745, 'LOZANO CRUZ JUAN FRANCISCO', 'COORDINADOR', 'COORDINACION', 'NO RIFA', 1),
	(2107746, 'SALDIVAR RAMIREZ ADRIAN ALONSO', 'OPERADOR C', 'TRANSPORTACION', 'NO RIFA', 0),
	(2107747, 'SALGADO DIAZ BRANDON EMMANUEL', 'COORDINADOR', 'COORDINACION', 'NO RIFA', 0),
	(2107748, 'RODRIGUEZ ROJAS DIEGO ALONZO', 'GESTOR', 'ADMINISTRACION', 'NO RIFA', 0),
	(2107763, 'GARCIA CASTILLO MARCO ANTONIO', 'OPERADOR C', 'TRANSPORTACION', 'NO RIFA', 1),
	(2107776, 'GOMEZ MORALES ORLANDO', 'OPERADOR C', 'TRANSPORTACION', 'NO RIFA', 0),
	(2107777, 'GONZALEZ MAROTO OMAR', 'OPERADOR C', 'TRANSPORTACION', 'NO RIFA', 1),
	(2107778, 'OLVERA BARAJAS JORGE', 'OPERADOR C', 'TRANSPORTACION', 'NO RIFA', 1),
	(2107779, 'RIZO VALADEZ JOSE GUADALUPE', 'OPERADOR C', 'TRANSPORTACION', 'NO RIFA', 0),
	(2107783, 'VERGARA ALVARADO VICTOR ENRIQUE', 'OPERADOR C', 'TRANSPORTACION', 'NO RIFA', 0),
	(2107784, 'AVILA PRIETO FREDY JAVIER SANTOS', 'OPERADOR C', 'TRANSPORTACION', 'NO RIFA', 0),
	(2107788, 'ARCE GARDU?O CARLOS GONZALO', 'OPERADOR C', 'TRANSPORTACION', 'NO RIFA', 1),
	(2107789, 'GUZMAN CAMEL ERNESTO RUBELIO', 'OPERADOR C', 'TRANSPORTACION', 'NO RIFA', 1),
	(2107790, 'VALLE JAIMES MARTIN', 'OPERADOR C', 'TRANSPORTACION', 'NO RIFA', 0),
	(2107803, 'VALENZUELA CASTA?EDA RAMON GERARDO', 'ALMACENISTA', 'ALMACEN', 'NO RIFA', 0),
	(2107813, 'LOPEZ FONSECA ROGELIO', 'OPERADOR C', 'TRANSPORTACION', 'NO RIFA', 0),
	(2107814, 'MEJIA GARCIA EFIGENIO', 'OPERADOR C', 'TRANSPORTACION', 'NO RIFA', 0),
	(2107816, 'GARCIA ZU?IGA JOSUE', 'OPERADOR C', 'TRANSPORTACION', 'NO RIFA', 1),
	(2107817, 'SALVADOR GARCIA RAFAEL', 'OPERADOR C', 'TRANSPORTACION', 'NO RIFA', 0),
	(2107818, 'GUERRERO DENIZ ABRAHAM DE JESUS', 'OPERADOR C', 'TRANSPORTACION', 'NO RIFA', 1),
	(2107819, 'ESTRADA NIETO RICARDO', 'OPERADOR C', 'TRANSPORTACION', 'NO RIFA', 0),
	(2107835, 'MADRID MERCADO ANDRES EDUARDO', 'OPERADOR C', 'TRANSPORTACION', 'NO RIFA', 0);
/*!40000 ALTER TABLE `invitados` ENABLE KEYS */;

-- Volcando estructura para tabla tombola.regalos
CREATE TABLE IF NOT EXISTS `regalos` (
  `Id` int(11) NOT NULL AUTO_INCREMENT,
  `Regalo` varchar(200) NOT NULL,
  `Ganador` int(11) NOT NULL,
  PRIMARY KEY (`Id`)
) ENGINE=InnoDB AUTO_INCREMENT=236 DEFAULT CHARSET=utf8mb4;

-- Volcando datos para la tabla tombola.regalos: ~235 rows (aproximadamente)
/*!40000 ALTER TABLE `regalos` DISABLE KEYS */;
INSERT INTO `regalos` (`Id`, `Regalo`, `Ganador`) VALUES
	(1, 'PLANCHA', 2103838),
	(2, 'PLANCHA', 2101965),
	(3, 'PLANCHA', 2100033),
	(4, 'PLANCHA', 2106275),
	(5, 'PLANCHA', 0),
	(6, 'PLANCHA', 0),
	(7, 'PLANCHA', 2104562),
	(8, 'PLANCHA', 0),
	(9, 'PLANCHA', 0),
	(10, 'PLANCHA', 2105042),
	(11, 'SET', 2106591),
	(12, 'JUEGO DE VASOS', 0),
	(13, 'JUEGO DE VASOS', 0),
	(14, 'JUEGO DE VASOS', 2105261),
	(15, 'JUEGO DE VASOS', 2104848),
	(16, 'JUEGO DE VASOS', 0),
	(17, 'BATERIA 22', 2106383),
	(18, 'BATERIA 23', 2107369),
	(19, 'SET UTENSILIOS', 0),
	(20, 'SET UTENSILIOS', 0),
	(21, 'SET UTENSILIOS', 2105048),
	(22, 'PANTALLA PIONNER 32', 0),
	(23, 'PANTALLA PIONNER 33', 2101776),
	(24, 'PANTALLA PIONNER 34', 2106178),
	(25, 'PANTALLA PIONNER 35', 2106245),
	(26, 'PANTALLA PIONNER 36', 2107103),
	(27, 'CAFETERA', 0),
	(28, 'CAFETERA', 2100042),
	(29, 'CAFETERA', 2107500),
	(30, 'CAFETERA', 2107508),
	(31, 'CAFETERA', 2107495),
	(32, 'CAFETERA', 0),
	(33, 'CAFETERA', 2102291),
	(34, 'CAFETERA', 2105382),
	(35, 'CAFETERA', 0),
	(36, 'CAFETERA', 2105933),
	(37, 'FRAZADA(COBERTOR)', 2103595),
	(38, 'FRAZADA(COBERTOR)', 2102422),
	(39, 'FRAZADA(COBERTOR)', 2107284),
	(40, 'FRAZADA(COBERTOR)', 0),
	(41, 'FRAZADA(COBERTOR)', 2105675),
	(42, 'FRAZADA(COBERTOR)', 2103833),
	(43, 'FRAZADA(COBERTOR)', 2106244),
	(44, 'FRAZADA(COBERTOR)', 0),
	(45, 'FRAZADA(COBERTOR)', 0),
	(46, 'FRAZADA(COBERTOR)', 2105805),
	(47, 'FRAZADA(COBERTOR)', 2107347),
	(48, 'FRAZADA(COBERTOR)', 2100159),
	(49, 'FRAZADA(COBERTOR)', 0),
	(50, 'FRAZADA(COBERTOR)', 0),
	(51, 'FRAZADA(COBERTOR)', 0),
	(52, 'FRAZADA(COBERTOR)', 0),
	(53, 'FRAZADA(COBERTOR)', 2101773),
	(54, 'FRAZADA(COBERTOR)', 2100144),
	(55, 'FRAZADA(COBERTOR)', 2100096),
	(56, 'FRAZADA(COBERTOR)', 2102501),
	(57, 'CAFETERA', 2106068),
	(58, 'CAFETERA', 2101855),
	(59, 'CAFETERA', 2106640),
	(60, 'CAFETERA', 2104043),
	(61, 'CAFETERA', 0),
	(62, 'ESTUFA', 0),
	(63, 'BALON VOIT', 0),
	(64, 'BALON VOIT', 0),
	(65, 'BALON VOIT', 2105998),
	(66, 'BALON VOIT', 2104380),
	(67, 'BICICLETA', 2104968),
	(68, 'BICICLETA', 2107105),
	(69, 'SCRB ROY', 2100307),
	(70, 'SCRB ROY', 2105452),
	(71, 'SCRB ROY', 2104405),
	(72, 'SCRB ROY', 2104783),
	(73, 'SCRB ROY', 2106990),
	(74, 'SCRB ROY', 0),
	(75, 'TABLETA', 2107111),
	(76, 'TABLETA', 2104712),
	(77, 'MESITA DE FUTBOLITO', 0),
	(78, 'MOCHILA', 2100196),
	(79, 'COLCHON COLEMAN', 2102505),
	(80, 'COLCHON COLEMAN', 0),
	(81, 'TERMO', 0),
	(82, 'TERMO', 0),
	(83, 'TERMO', 2105932),
	(84, 'TERMO', 0),
	(85, 'CASINO', 2103504),
	(86, 'CASINO', 2107267),
	(87, 'MONOPOLY', 2106684),
	(88, 'PANTALLA ATVIO 50 ', 2106572),
	(89, 'PANTALLA ATVIO 50 ', 2103355),
	(90, 'REFRIGERADOR', 2106380),
	(91, 'LICUADORA', 2100054),
	(92, 'LICUADORA', 0),
	(93, 'LICUADORA', 0),
	(94, 'LICUADORA', 0),
	(95, 'LICUADORA', 2100109),
	(96, 'LICUADORA', 2105963),
	(97, 'LICUADORA', 0),
	(98, 'LICUADORA', 2103353),
	(99, 'LICUADORA', 2106382),
	(100, 'LICUADORA', 0),
	(101, 'LICUADORA', 0),
	(102, 'LICUADORA', 2100277),
	(103, 'LICUADORA', 0),
	(104, 'LICUADORA', 0),
	(105, 'LICUADORA', 2103867),
	(106, 'LICUADORA', 0),
	(107, 'LICUADORA', 2100117),
	(108, 'LICUADORA', 0),
	(109, 'VAJILLA 12', 2100078),
	(110, 'VAJILLA 12', 2106256),
	(111, 'VAJILLA 12', 0),
	(112, 'VAJILLA 12', 2106003),
	(113, 'VAJILLA 12', 2103404),
	(114, 'VAJILLA 12', 2105995),
	(115, 'JUEGO DE VASOS', 0),
	(116, 'JUEGO DE VASOS', 2103927),
	(117, 'JUEGO DE VASOS', 2106309),
	(118, 'JUEGO DE VASOS', 0),
	(119, 'JUEGO DE VASOS', 0),
	(120, 'JUEGO DE VASOS', 0),
	(121, 'JUEGO DE VASOS', 0),
	(122, 'JUEGO DE VASOS', 0),
	(123, 'JUEGO DE VASOS', 2104844),
	(124, 'JUEGO DE VASOS', 0),
	(125, 'JUEGO DE VASOS', 2103505),
	(126, 'JUEGO DE VASOS', 2107170),
	(127, 'JUEGO DE VASOS', 0),
	(128, 'JUEGO DE VASOS', 2102717),
	(129, 'JUEGO DE VASOS', 2101961),
	(130, 'SELFIE', 2107295),
	(131, 'SELFIE', 2103308),
	(132, 'SELFIE', 2104934),
	(133, 'SELFIE', 2100040),
	(134, 'SELFIE', 2106024),
	(135, 'AUDIFONOS', 0),
	(136, 'AUDIFONOS', 2106019),
	(137, 'AUDIFONOS', 2102207),
	(138, 'AUDIFONOS', 0),
	(139, 'AUDIFONOS', 0),
	(140, 'LICUADORA', 0),
	(141, 'LICUADORA', 2103365),
	(142, 'LICUADORA', 2102423),
	(143, 'LICUADORA', 0),
	(144, 'LICUADORA', 2106148),
	(145, 'LICUADORA', 2104226),
	(146, 'MICROONDAS', 0),
	(147, 'MICROONDAS', 2104866),
	(148, 'MICROONDAS', 0),
	(149, 'MICROONDAS', 2106764),
	(150, 'MICROONDAS', 2102630),
	(151, 'MICROONDAS', 2107203),
	(152, 'MICROONDAS', 0),
	(153, 'MICROONDAS', 0),
	(154, 'MICROONDAS', 2103990),
	(155, 'MICROONDAS', 2104151),
	(156, 'OLLA EXPRESS', 2106181),
	(157, 'OLLA EXPRESS', 0),
	(158, 'OLLA EXPRESS', 2106881),
	(159, 'OLLA EXPRESS', 0),
	(160, 'OLLA EXPRESS', 2105102),
	(161, 'OLLA EXPRESS', 2100177),
	(162, 'HORNO', 2102791),
	(163, 'HORNO', 2106961),
	(164, 'AUDIFONOS', 2103418),
	(165, 'AUDIFONOS', 0),
	(166, 'AUDIFONOS', 2100076),
	(167, 'AUDIFONOS', 2100165),
	(168, 'AUDIFONOS', 0),
	(169, 'AUDIFONOS', 2104132),
	(170, 'AUDIFONOS', 0),
	(171, 'AUDIFONOS', 2100023),
	(172, 'AUDIFONOS', 0),
	(173, 'AUDIFONOS', 2103644),
	(174, 'ATVIO LED 32', 2106025),
	(175, 'ATVIO LED 32', 0),
	(176, 'ATVIO LED 32', 2103347),
	(177, 'ATVIO LED 32', 2107102),
	(178, 'ATVIO LED 32', 0),
	(179, 'ATVIO LED 32', 2100058),
	(180, 'ATVIO LED 32', 2102637),
	(181, 'ATVIO LED 32', 2102205),
	(182, 'ATVIO LED 32', 2106065),
	(183, 'ATVIO LED 32', 2107290),
	(184, 'ATVIO LED 32', 0),
	(185, 'ATVIO LED 32', 2107496),
	(186, 'ATVIO LED 32', 0),
	(187, 'ATVIO LED 32', 0),
	(188, 'ATVIO LED 32', 2104764),
	(189, 'ATVIO LED 32', 2103991),
	(190, 'ATVIO LED 32', 2104385),
	(191, 'ATVIO LED 32', 2106295),
	(192, 'ATVIO LED 32', 2102533),
	(193, 'ATVIO LED 32', 0),
	(194, 'ATVIO LED 32', 2101969),
	(195, 'ATVIO LED 32', 0),
	(196, 'ATVIO LED 32', 2107149),
	(197, 'ATVIO LED 32', 2106129),
	(198, 'DESPENSA', 2100060),
	(199, 'DESPENSA', 2104131),
	(200, 'DESPENSA', 0),
	(201, 'DESPENSA', 2106027),
	(202, 'DESPENSA', 0),
	(203, 'DESPENSA', 2105683),
	(204, 'DESPENSA', 2107431),
	(205, 'DESPENSA', 2103962),
	(206, 'DESPENSA', 0),
	(207, 'DESPENSA', 2104338),
	(208, 'DESPENSA', 0),
	(209, 'DESPENSA', 2101729),
	(210, 'DESPENSA', 2100221),
	(211, 'DESPENSA', 2100022),
	(212, 'DESPENSA', 2106790),
	(213, 'DESPENSA', 2100044),
	(214, 'DESPENSA', 2107430),
	(215, 'DESPENSA', 2106411),
	(216, 'DESPENSA', 2107260),
	(217, 'DESPENSA', 0),
	(218, 'DESPENSA', 2100065),
	(219, 'DESPENSA', 2107289),
	(220, 'DESPENSA', 2102122),
	(221, 'DESPENSA', 0),
	(222, 'DESPENSA', 2101955),
	(223, 'DESPENSA', 2100308),
	(224, 'DESPENSA', 2105021),
	(225, 'DESPENSA', 2105681),
	(226, 'DESPENSA', 2104386),
	(227, 'DESPENSA', 2107015),
	(228, 'DESPENSA', 0),
	(229, 'DESPENSA', 2106512),
	(230, 'DESPENSA', 2100105),
	(231, 'DESPENSA', 0),
	(232, 'DESPENSA', 2105023),
	(233, 'DVD', 2103349),
	(234, 'BICICLETA', 0),
	(235, 'BICICLETA', 2107322);
/*!40000 ALTER TABLE `regalos` ENABLE KEYS */;

/*!40101 SET SQL_MODE=IFNULL(@OLD_SQL_MODE, '') */;
/*!40014 SET FOREIGN_KEY_CHECKS=IF(@OLD_FOREIGN_KEY_CHECKS IS NULL, 1, @OLD_FOREIGN_KEY_CHECKS) */;
/*!40101 SET CHARACTER_SET_CLIENT=@OLD_CHARACTER_SET_CLIENT */;
